0,0,0,0,0,0,0,0,0,0,0,0,0,0,0,0,0,0,0,0,0,0,0,0,0,0,0,-1,1,0,0,0,0,0,0,1,-1,0,0,0,0,0,0,0,0,0,0,0,0,0,0,0,0,0,0,0,0,0,0,0,0,0,0,0,0.0,0,60
0,0,0,0,0,0,0,0,0,0,0,0,0,0,0,0,0,0,-1,1,0,0,0,0,0,0,0,-1,1,0,0,0,0,0,0,1,-1,0,0,0,0,0,0,0,0,0,0,0,0,0,0,0,0,0,0,0,0,0,0,0,0,0,0,0,0.0,2,60
0,0,0,0,0,0,0,0,0,0,0,0,0,0,0,0,0,0,-1,1,0,0,0,0,0,0,0,-1,-1,-1,0,0,0,0,0,1,1,1,0,0,0,0,0,0,0,0,0,0,0,0,0,0,0,0,0,0,0,0,0,0,0,0,0,0,0.0,4,60
0,0,0,0,0,0,0,0,0,1,0,0,0,0,0,0,0,0,1,1,0,0,0,0,0,0,0,1,-1,-1,0,0,0,0,0,1,1,-1,0,0,0,0,0,0,0,-1,0,0,0,0,0,0,0,0,0,0,0,0,0,0,0,0,0,0,0.0,6,60
0,0,0,0,0,0,0,0,0,1,0,0,0,0,0,0,0,0,1,1,0,0,0,0,0,0,0,1,1,1,1,0,0,0,-1,-1,-1,-1,0,0,0,0,0,0,0,-1,0,0,0,0,0,0,0,0,0,0,0,0,0,0,0,0,0,0,0.0,8,60
-1,0,0,0,0,0,0,0,0,-1,0,0,0,0,0,0,0,0,-1,1,0,0,0,0,0,0,0,-1,1,1,1,0,0,0,-1,-1,-1,1,0,0,0,0,0,0,0,-1,1,0,0,0,0,0,0,0,0,0,0,0,0,0,0,0,0,0,0.0,10,60
-1,0,0,0,0,0,0,0,0,-1,0,0,0,0,0,0,0,0,-1,1,0,0,0,0,0,0,0,-1,-1,-1,-1,-1,0,0,-1,-1,1,1,0,0,0,0,0,0,1,1,1,0,0,0,0,0,0,0,0,0,0,0,0,0,0,0,0,0,0.0,12,60
-1,0,0,0,0,0,0,0,0,-1,0,0,0,0,0,0,0,0,-1,1,1,0,0,0,0,0,0,-1,1,-1,-1,-1,0,0,-1,-1,-1,1,0,0,0,0,0,-1,1,1,1,0,0,0,0,0,0,0,0,0,0,0,0,0,0,0,0,0,0.0,14,60
-1,0,0,0,0,0,0,0,0,-1,0,0,0,0,0,0,0,0,-1,1,1,0,0,0,0,-1,-1,-1,-1,-1,-1,-1,0,0,-1,1,-1,1,0,0,0,0,0,-1,1,1,1,0,0,0,0,0,0,0,0,0,0,0,0,0,0,0,0,0,0.0,16,60
-1,0,0,0,0,0,0,0,0,-1,0,0,-1,0,0,0,0,0,-1,1,-1,0,0,0,0,-1,1,-1,-1,-1,-1,-1,0,1,1,1,-1,1,0,0,0,0,0,-1,1,1,1,0,0,0,0,0,0,0,0,0,0,0,0,0,0,0,0,0,0.0,18,60
-1,0,0,0,0,0,0,0,0,-1,0,0,-1,0,0,0,0,0,-1,1,-1,0,0,0,0,-1,1,-1,-1,-1,-1,-1,0,1,1,1,-1,1,0,0,0,0,1,1,1,-1,1,0,0,0,0,0,0,0,-1,0,0,0,0,0,0,0,0,0,0.0,20,60
-1,0,0,0,0,0,0,0,0,-1,0,0,-1,0,0,0,0,0,-1,1,-1,0,0,1,0,-1,1,-1,-1,-1,1,-1,0,1,1,1,-1,-1,0,0,0,0,1,1,1,-1,-1,0,0,0,0,0,0,0,-1,-1,0,0,0,0,0,0,0,0,0.0,22,60
-1,0,0,0,0,0,0,0,0,-1,0,0,-1,0,0,0,0,0,-1,1,-1,0,1,1,0,-1,1,-1,-1,1,1,-1,-1,-1,-1,-1,-1,-1,0,0,0,0,1,1,1,-1,-1,0,0,0,0,0,0,0,-1,-1,0,0,0,0,0,0,0,0,0.0,24,60
-1,0,0,0,0,0,0,0,0,-1,0,0,-1,0,0,0,0,0,-1,1,-1,0,1,1,0,-1,1,-1,-1,1,1,1,-1,-1,-1,-1,-1,-1,0,1,0,0,-1,-1,1,-1,-1,0,0,0,-1,0,0,0,-1,-1,0,0,0,0,0,0,0,0,0.0,26,60
-1,0,0,0,0,0,0,0,0,-1,1,0,-1,0,0,0,0,0,1,1,-1,-1,1,1,0,-1,1,-1,-1,-1,1,1,-1,-1,-1,-1,-1,-1,0,1,0,0,-1,-1,1,-1,-1,0,0,0,-1,0,0,0,-1,-1,0,0,0,0,0,0,0,0,0.0,28,60
-1,-1,0,0,1,0,0,0,0,-1,-1,0,1,0,0,0,0,0,1,-1,1,-1,1,1,0,-1,1,-1,-1,-1,1,1,-1,-1,-1,-1,1,-1,0,1,0,0,-1,-1,1,-1,-1,0,0,0,-1,0,0,0,-1,-1,0,0,0,0,0,0,0,0,0.0,30,60
-1,-1,0,0,1,0,0,0,0,-1,-1,0,1,0,0,0,0,-1,-1,-1,1,-1,1,1,0,-1,-1,-1,-1,-1,1,1,-1,-1,-1,-1,1,-1,0,1,0,0,-1,-1,1,-1,1,0,0,0,-1,0,0,1,-1,-1,0,0,0,0,0,0,0,0,0.0,32,60
-1,-1,0,0,1,0,0,0,0,-1,-1,0,1,0,0,-1,0,-1,-1,-1,1,-1,-1,1,0,-1,-1,1,-1,-1,1,1,-1,-1,1,-1,1,-1,0,1,0,1,1,1,1,-1,1,0,0,0,-1,0,0,1,-1,-1,0,0,0,0,0,0,0,0,0.0,34,60
-1,-1,0,0,1,0,0,1,0,-1,-1,0,1,0,0,1,0,-1,-1,-1,1,-1,-1,1,0,-1,-1,1,-1,-1,1,1,-1,-1,1,-1,1,-1,0,1,-1,-1,-1,-1,-1,-1,1,0,0,0,-1,0,0,1,-1,-1,0,0,0,0,0,0,0,0,0.0,36,60
-1,-1,0,0,1,0,0,1,0,-1,-1,0,1,0,0,1,0,-1,-1,-1,1,-1,-1,1,0,-1,-1,1,-1,-1,1,1,-1,-1,1,-1,1,-1,0,1,-1,-1,-1,1,1,-1,-1,-1,0,0,-1,0,1,1,-1,-1,0,0,0,0,0,0,0,0,0.0,38,60
-1,-1,0,0,1,0,0,1,0,-1,-1,0,1,0,0,1,0,-1,-1,-1,1,-1,-1,1,1,1,1,1,-1,-1,1,1,-1,-1,1,-1,-1,-1,0,1,-1,-1,-1,1,-1,-1,-1,-1,0,0,-1,0,-1,-1,-1,-1,0,0,0,0,-1,0,0,0,0.0,40,60
-1,-1,0,0,1,0,0,1,0,-1,-1,-1,1,0,0,1,0,-1,-1,-1,-1,-1,-1,1,1,1,1,1,-1,-1,1,1,-1,-1,1,-1,-1,-1,0,1,-1,-1,-1,1,-1,-1,-1,-1,0,0,-1,0,1,-1,-1,-1,0,0,0,0,-1,1,0,0,0.0,42,60
-1,-1,0,0,1,0,0,1,0,-1,-1,-1,-1,-1,0,1,0,-1,-1,-1,-1,-1,-1,1,1,1,1,1,-1,-1,1,1,-1,-1,1,1,1,1,1,1,-1,-1,-1,1,-1,1,-1,-1,0,0,-1,0,1,-1,-1,-1,0,0,0,0,-1,1,0,0,0.0,44,60
-1,-1,0,0,1,1,0,1,0,-1,-1,-1,1,1,0,1,-1,-1,-1,1,-1,1,-1,1,-1,1,1,1,-1,1,1,1,-1,-1,1,1,1,1,1,1,-1,-1,-1,1,-1,1,-1,-1,0,0,-1,0,1,-1,-1,-1,0,0,0,0,-1,1,0,0,0.0,46,60
-1,-1,0,0,1,1,0,1,0,-1,-1,-1,-1,-1,-1,1,-1,-1,-1,1,-1,-1,-1,1,-1,1,1,1,-1,1,1,1,-1,-1,1,1,1,1,1,1,-1,-1,-1,1,-1,1,-1,1,0,0,-1,0,1,-1,1,1,0,0,0,0,-1,1,0,1,0.0,48,60
-1,-1,0,0,1,1,0,1,0,-1,-1,-1,-1,-1,-1,1,-1,-1,-1,1,-1,-1,-1,1,-1,1,1,1,-1,1,1,1,-1,-1,1,1,1,1,1,1,-1,-1,-1,1,-1,1,-1,1,0,0,1,0,1,-1,-1,1,0,1,0,0,-1,-1,-1,1,0.0,50,60
-1,-1,0,0,1,1,0,1,0,-1,-1,-1,-1,-1,-1,1,-1,-1,-1,-1,-1,-1,-1,1,-1,1,1,-1,-1,1,1,1,-1,-1,1,-1,1,1,1,1,-1,-1,-1,-1,1,1,-1,1,0,0,-1,-1,1,-1,-1,1,0,1,0,-1,-1,-1,-1,1,0.0,52,60
-1,-1,0,0,1,1,0,1,0,-1,-1,-1,-1,-1,1,1,-1,-1,-1,-1,-1,1,-1,1,-1,1,-1,-1,1,1,1,1,-1,1,-1,1,1,1,1,1,-1,1,-1,-1,1,1,-1,1,0,-1,-1,1,1,-1,-1,1,0,1,-1,-1,-1,-1,-1,1,0.0,54,60
-1,-1,0,0,1,1,0,1,0,-1,-1,-1,-1,-1,1,1,-1,-1,-1,-1,-1,1,-1,1,-1,1,-1,-1,1,1,1,1,-1,1,-1,1,1,1,1,1,-1,1,-1,-1,1,1,-1,1,-1,-1,1,1,1,-1,-1,1,-1,-1,-1,-1,-1,-1,-1,1,0.0,56,60
-1,-1,0,1,1,1,-1,1,0,-1,-1,1,1,-1,-1,1,-1,-1,-1,1,-1,1,-1,1,-1,1,-1,1,1,1,1,1,-1,1,-1,1,1,1,1,1,-1,1,-1,-1,1,1,-1,1,-1,-1,1,1,1,-1,-1,1,-1,-1,-1,-1,-1,-1,-1,1,0.0,58,60
-1,-1,-1,-1,-1,-1,-1,1,1,-1,-1,-1,1,-1,-1,1,-1,1,-1,1,-1,1,-1,1,-1,1,1,1,1,1,1,1,-1,1,-1,1,1,1,1,1,-1,1,-1,-1,1,1,-1,1,-1,-1,1,1,1,-1,-1,1,-1,-1,-1,-1,-1,-1,-1,1,0.0,60,60
0,0,0,0,0,0,0,0,0,0,0,0,0,0,0,0,0,0,0,0,0,0,0,0,0,0,0,-1,1,0,0,0,0,0,0,1,-1,0,0,0,0,0,0,0,0,0,0,0,0,0,0,0,0,0,0,0,0,0,0,0,0,0,0,0,1.0,0,61
0,0,0,0,0,0,0,0,0,0,0,0,0,0,0,0,0,0,-1,0,0,0,0,0,0,0,1,-1,1,0,0,0,0,0,0,1,-1,0,0,0,0,0,0,0,0,0,0,0,0,0,0,0,0,0,0,0,0,0,0,0,0,0,0,0,1.0,2,61
0,0,0,0,0,0,0,0,0,0,0,0,0,0,0,0,0,0,-1,0,0,0,0,0,0,0,-1,-1,1,0,0,0,0,0,-1,1,1,0,0,0,0,0,0,0,1,0,0,0,0,0,0,0,0,0,0,0,0,0,0,0,0,0,0,0,1.0,4,61
0,0,0,0,0,0,0,0,0,0,0,0,0,0,0,0,0,0,-1,0,0,0,0,0,0,-1,1,1,1,0,0,0,-1,0,-1,1,1,0,0,0,0,0,0,0,1,0,0,0,0,0,0,0,0,0,0,0,0,0,0,0,0,0,0,0,1.0,6,61
0,0,0,0,0,0,0,0,0,0,0,0,0,0,0,0,0,0,-1,0,0,0,0,0,1,1,1,1,1,0,0,0,-1,0,-1,-1,-1,-1,0,0,0,0,0,0,1,0,0,0,0,0,0,0,0,0,0,0,0,0,0,0,0,0,0,0,1.0,8,61
0,0,0,0,0,0,0,0,0,0,0,0,0,0,0,0,0,0,-1,0,0,-1,0,0,1,1,1,1,-1,0,0,0,1,0,-1,-1,-1,-1,0,0,1,0,0,0,1,0,0,0,0,0,0,0,0,0,0,0,0,0,0,0,0,0,0,0,1.0,10,61
0,0,0,0,0,0,0,0,0,0,0,0,0,0,0,0,0,0,-1,-1,-1,-1,0,0,1,1,1,-1,-1,0,0,0,1,0,-1,-1,1,-1,0,0,1,0,0,0,1,0,0,0,0,0,0,0,0,0,0,0,0,0,0,0,0,0,0,0,1.0,12,61
0,0,0,0,0,0,0,0,0,0,1,0,0,0,0,0,0,0,1,-1,-1,-1,0,0,1,1,1,-1,-1,0,0,0,1,0,-1,-1,1,-1,0,0,1,0,0,0,-1,0,0,0,0,0,0,-1,0,0,0,0,0,0,0,0,0,0,0,0,1.0,14,61
0,0,0,0,0,0,0,0,0,0,1,0,0,-1,0,0,0,0,1,1,-1,1,1,0,1,1,1,-1,-1,0,0,0,1,0,-1,-1,1,-1,0,0,1,0,0,0,-1,0,0,0,0,0,0,-1,0,0,0,0,0,0,0,0,0,0,0,0,1.0,16,61
0,0,-1,0,0,0,0,0,0,0,-1,0,0,-1,0,0,0,0,-1,1,-1,1,1,0,1,1,-1,-1,-1,0,0,0,1,0,-1,-1,1,-1,0,0,1,0,0,0,1,0,0,0,0,0,0,-1,1,0,0,0,0,0,0,0,0,0,0,0,1.0,18,61
0,0,-1,0,0,0,0,0,-1,-1,-1,0,0,-1,0,0,0,0,1,1,-1,1,1,0,1,1,-1,1,-1,0,0,0,1,0,-1,-1,1,-1,0,0,1,0,0,0,1,0,0,0,0,0,0,-1,1,0,0,0,0,0,0,0,0,0,0,0,1.0,20,61
0,0,-1,0,0,1,0,0,-1,-1,-1,0,0,1,0,0,0,0,1,1,-1,-1,-1,-1,1,1,-1,1,-1,0,0,0,1,0,-1,-1,1,-1,0,0,1,0,0,0,1,0,0,0,0,0,0,-1,1,0,0,0,0,0,0,0,0,0,0,0,1.0,22,61
0,0,-1,0,0,1,0,0,-1,-1,-1,0,0,1,0,0,0,0,1,1,-1,-1,-1,-1,1,1,-1,1,-1,0,1,0,1,0,-1,-1,-1,1,0,0,1,0,0,0,-1,0,0,0,0,0,0,-1,-1,0,0,0,0,0,0,0,-1,0,0,0,1.0,24,61
0,0,-1,0,0,1,0,0,-1,-1,-1,0,-1,1,0,0,0,0,1,-1,-1,-1,-1,-1,1,1,-1,1,-1,0,1,0,1,0,-1,-1,1,1,0,0,1,0,0,0,-1,1,0,0,0,0,0,-1,-1,0,0,0,0,0,0,0,-1,0,0,0,1.0,26,61
0,0,-1,0,0,1,0,0,-1,-1,-1,-1,-1,-1,-1,0,0,0,1,1,-1,-1,-1,-1,1,1,-1,1,-1,0,1,0,1,0,-1,-1,1,1,0,0,1,0,0,0,-1,1,0,0,0,0,0,-1,-1,0,0,0,0,0,0,0,-1,0,0,0,1.0,28,61
0,0,-1,0,0,1,0,0,-1,-1,-1,-1,-1,-1,-1,0,0,0,-1,1,-1,-1,-1,-1,1,1,-1,1,-1,0,1,0,1,1,-1,-1,1,1,0,0,1,0,-1,0,-1,1,0,0,0,0,0,-1,-1,0,0,0,0,0,0,0,-1,0,0,0,1.0,30,61
0,0,-1,0,0,1,1,0,-1,-1,-1,-1,-1,1,1,0,0,0,-1,1,1,-1,1,-1,1,1,-1,-1,-1,0,1,0,1,1,-1,-1,-1,1,0,0,1,0,-1,0,-1,-1,0,0,0,0,0,-1,-1,0,-1,0,0,0,0,0,-1,0,0,0,1.0,32,61
0,0,-1,0,0,1,1,0,-1,-1,-1,-1,-1,1,1,0,-1,0,-1,1,1,1,1,-1,1,-1,-1,-1,1,0,1,0,1,1,-1,1,-1,1,0,0,1,0,1,0,-1,-1,0,0,0,1,0,-1,-1,0,-1,0,0,0,0,0,-1,0,0,0,1.0,34,61
0,0,-1,0,0,1,1,0,-1,-1,-1,-1,-1,1,1,0,-1,0,-1,1,1,1,1,-1,1,-1,-1,-1,1,0,1,0,1,-1,-1,1,-1,1,0,0,1,-1,1,0,1,1,0,0,0,1,0,-1,-1,1,-1,0,0,0,0,0,-1,0,0,0,1.0,36,61
0,0,-1,1,0,1,1,0,-1,-1,-1,1,1,1,1,0,-1,0,-1,1,1,1,1,-1,1,-1,-1,-1,1,0,1,0,1,-1,-1,1,-1,1,0,0,1,-1,-1,0,1,1,0,0,0,1,-1,-1,-1,1,-1,0,0,0,0,0,-1,0,0,0,1.0,38,61
0,1,1,1,0,1,1,0,-1,-1,-1,-1,-1,-1,-1,-1,-1,0,-1,1,1,1,1,-1,1,-1,-1,-1,1,0,1,0,1,-1,-1,1,-1,1,0,0,1,-1,-1,0,1,1,0,0,0,1,-1,-1,-1,1,-1,0,0,0,0,0,-1,0,0,0,1.0,40,61
0,1,1,1,1,1,1,0,-1,-1,-1,1,1,1,-1,-1,-1,0,1,1,1,1,1,-1,1,1,-1,-1,1,0,1,0,1,-1,-1,1,-1,1,0,0,1,-1,-1,0,1,1,0,0,0,-1,-1,-1,-1,1,-1,0,0,-1,0,0,-1,0,0,0,1.0,42,61
0,1,1,1,1,1,1,0,-1,-1,-1,1,1,1,-1,-1,-1,-1,-1,-1,-1,-1,-1,-1,1,-1,1,-1,1,0,1,0,1,-1,1,1,-1,1,0,0,1,-1,1,0,1,1,0,0,0,1,1,1,-1,1,-1,0,0,-1,1,0,-1,0,0,0,1.0,44,61
0,1,1,1,1,1,1,0,-1,-1,-1,1,1,1,-1,-1,-1,-1,-1,-1,-1,-1,-1,-1,-1,-1,1,-1,1,0,1,0,-1,-1,1,1,-1,1,0,0,-1,-1,1,0,1,1,0,0,-1,-1,-1,-1,-1,-1,-1,0,0,-1,1,1,-1,0,0,0,1.0,46,61
1,1,1,1,1,1,1,0,-1,1,-1,1,1,1,-1,-1,-1,-1,1,-1,-1,-1,-1,-1,-1,-1,1,1,1,0,-1,0,-1,-1,1,1,1,1,0,-1,-1,-1,1,0,1,1,0,0,-1,-1,-1,-1,-1,-1,-1,0,0,-1,1,1,-1,0,0,0,1.0,48,61
1,1,1,1,1,1,1,0,-1,1,-1,1,1,1,-1,-1,-1,-1,1,-1,-1,-1,-1,-1,-1,-1,1,1,-1,0,-1,0,-1,-1,1,1,1,-1,0,-1,-1,-1,1,0,1,1,-1,0,-1,-1,-1,-1,-1,1,-1,0,0,-1,1,1,1,1,0,0,1.0,50,61
1,1,1,1,1,1,1,0,-1,1,-1,1,1,1,-1,-1,-1,-1,1,-1,-1,-1,-1,-1,-1,-1,1,1,-1,-1,-1,0,-1,-1,1,1,-1,-1,0,-1,-1,-1,1,-1,1,1,-1,0,-1,-1,-1,1,1,1,-1,0,0,-1,1,1,1,1,0,0,1.0,52,61
1,1,1,1,1,1,1,0,-1,1,-1,1,1,1,-1,-1,-1,-1,1,-1,-1,-1,-1,-1,-1,-1,1,1,1,-1,-1,1,-1,-1,1,1,-1,-1,-1,-1,-1,-1,1,-1,1,1,-1,0,-1,-1,-1,1,1,1,-1,0,0,-1,1,1,1,1,0,0,1.0,54,61
1,1,1,1,1,1,1,0,-1,1,-1,1,1,1,-1,-1,-1,-1,1,-1,-1,-1,-1,-1,-1,-1,-1,1,1,-1,-1,1,-1,-1,1,-1,-1,-1,-1,-1,-1,-1,1,-1,-1,1,-1,0,-1,-1,-1,1,1,-1,-1,0,0,-1,-1,-1,-1,-1,-1,1,1.0,56,61
1,1,1,1,1,1,1,0,-1,1,-1,1,1,1,-1,-1,-1,-1,1,-1,1,-1,-1,-1,-1,-1,-1,1,1,1,-1,-1,-1,-1,1,-1,-1,-1,1,-1,-1,-1,1,-1,-1,1,-1,-1,-1,-1,-1,1,1,-1,-1,-1,0,-1,-1,-1,-1,-1,-1,1,1.0,58,61
1,1,1,1,1,1,1,0,1,1,-1,1,1,1,-1,-1,1,-1,1,-1,1,-1,-1,-1,1,-1,-1,1,1,1,-1,-1,1,-1,1,-1,-1,-1,1,-1,1,-1,1,-1,-1,1,-1,-1,1,1,-1,1,1,-1,-1,-1,1,1,1,1,1,1,1,1,1.0,60,61
0,0,0,0,0,0,0,0,0,0,0,0,0,0,0,0,0,0,0,0,0,0,0,0,0,0,0,-1,1,0,0,0,0,0,0,1,-1,0,0,0,0,0,0,0,0,0,0,0,0,0,0,0,0,0,0,0,0,0,0,0,0,0,0,0,0.0,0,62
0,0,0,0,0,0,0,0,0,0,0,0,0,0,0,0,0,0,0,0,0,0,0,0,0,0,0,-1,1,0,0,0,0,0,0,1,-1,1,0,0,0,0,0,0,0,-1,0,0,0,0,0,0,0,0,0,0,0,0,0,0,0,0,0,0,0.0,2,62
0,0,0,0,0,0,0,0,0,0,0,0,0,0,0,0,0,0,0,1,0,0,0,0,0,0,0,1,1,0,0,0,0,0,-1,-1,-1,1,0,0,0,0,0,0,0,-1,0,0,0,0,0,0,0,0,0,0,0,0,0,0,0,0,0,0,0.0,4,62
0,0,0,0,0,0,0,0,0,0,0,0,0,0,0,0,0,0,0,1,0,0,0,0,0,0,0,1,1,0,0,0,0,0,-1,-1,-1,1,0,0,0,0,0,0,0,-1,0,0,0,0,0,0,0,1,-1,0,0,0,0,0,0,0,0,0,0.0,6,62
0,0,0,0,0,0,0,0,0,0,0,0,0,0,0,0,0,0,-1,1,0,0,0,0,0,0,0,-1,1,0,0,0,0,1,1,1,-1,1,0,0,0,0,0,0,0,-1,0,0,0,0,0,0,0,1,-1,0,0,0,0,0,0,0,0,0,0.0,8,62
0,0,0,0,0,0,0,0,0,0,0,0,0,0,0,0,0,0,-1,1,1,0,0,0,0,0,0,1,1,0,0,0,0,1,1,1,-1,1,0,0,0,0,0,0,0,-1,0,0,0,0,0,0,-1,-1,-1,0,0,0,0,0,0,0,0,0,0.0,10,62
-1,0,0,0,0,0,0,0,0,-1,0,0,0,0,0,0,0,0,-1,1,1,0,0,0,0,0,0,-1,1,0,0,0,0,1,1,1,-1,1,0,0,0,0,0,0,0,-1,0,0,0,0,0,0,-1,-1,-1,0,0,0,0,0,0,0,0,0,0.0,12,62
-1,0,0,0,0,0,0,0,0,-1,0,0,0,0,0,0,0,0,-1,1,1,0,0,0,0,0,1,1,1,0,0,0,0,1,1,1,-1,-1,-1,0,0,0,0,0,0,-1,0,0,0,0,0,0,-1,-1,-1,0,0,0,0,0,0,0,0,0,0.0,14,62
-1,-1,0,0,0,0,0,0,0,-1,-1,0,0,0,0,0,0,0,1,-1,1,0,0,0,0,0,1,1,-1,0,0,0,0,1,1,1,-1,-1,-1,0,0,0,0,0,0,-1,0,0,0,0,0,0,-1,-1,-1,0,0,0,0,0,0,0,0,0,0.0,16,62
-1,-1,0,0,0,0,0,0,0,-1,-1,0,-1,0,0,0,0,0,1,-1,-1,0,0,0,0,0,1,1,-1,0,0,0,0,1,1,1,-1,-1,-1,0,0,0,0,0,-1,-1,0,0,0,0,0,0,-1,-1,-1,0,0,0,0,0,0,0,0,0,0.0,18,62
-1,-1,0,0,0,1,0,0,0,-1,-1,0,1,0,0,0,0,0,1,1,-1,0,0,0,0,0,1,-1,-1,0,0,0,0,1,-1,1,-1,-1,-1,0,0,-1,0,0,-1,-1,0,0,0,0,0,0,-1,-1,-1,0,0,0,0,0,0,0,0,0,0.0,20,62
-1,-1,0,0,-1,1,0,0,0,-1,-1,0,-1,0,0,0,0,0,1,1,-1,0,0,0,0,0,1,-1,1,0,0,0,0,1,-1,1,-1,1,-1,0,0,-1,0,0,-1,-1,1,0,0,0,0,0,-1,-1,-1,0,0,0,0,0,0,0,0,0,0.0,22,62
-1,-1,1,0,-1,-1,-1,0,0,-1,1,0,-1,0,0,0,0,0,1,1,-1,0,0,0,0,0,1,-1,1,0,0,0,0,1,-1,1,-1,1,-1,0,0,-1,0,0,-1,-1,1,0,0,0,0,0,-1,-1,-1,0,0,0,0,0,0,0,0,0,0.0,24,62
-1,-1,1,0,-1,-1,-1,0,0,-1,1,0,-1,0,0,0,0,0,1,1,-1,0,0,0,0,0,1,-1,1,0,0,0,0,1,-1,1,-1,1,-1,-1,0,-1,0,1,1,1,-1,0,0,0,0,0,-1,-1,-1,0,0,0,0,0,0,0,0,0,0.0,26,62
-1,-1,-1,-1,-1,-1,-1,0,0,-1,1,0,-1,0,0,0,0,0,1,1,-1,0,0,0,0,0,1,-1,1,0,0,0,0,1,-1,1,-1,1,-1,-1,0,-1,0,1,1,1,-1,0,0,0,0,0,1,-1,-1,0,0,0,0,0,1,0,0,0,0.0,28,62
-1,-1,-1,-1,-1,-1,-1,0,0,-1,1,0,-1,0,0,0,0,0,1,1,-1,0,0,0,0,0,1,-1,1,0,0,0,-1,-1,-1,1,-1,1,-1,-1,0,1,0,1,1,1,-1,0,0,1,0,0,1,-1,-1,0,0,0,0,0,1,0,0,0,0.0,30,62
-1,-1,-1,-1,-1,-1,-1,0,0,-1,1,0,-1,0,0,0,0,0,1,1,-1,0,0,0,0,0,1,-1,1,0,0,1,-1,-1,-1,1,-1,1,1,-1,0,1,0,-1,1,1,-1,0,0,1,0,0,-1,-1,-1,0,0,0,0,0,1,-1,0,0,0.0,32,62
-1,-1,-1,-1,-1,-1,-1,0,0,-1,1,0,-1,0,0,0,0,0,1,1,-1,0,0,0,0,0,1,-1,1,0,0,1,-1,-1,-1,1,-1,1,1,-1,0,-1,0,-1,1,1,1,0,0,-1,0,0,-1,1,1,0,0,-1,0,0,1,1,1,0,0.0,34,62
-1,-1,-1,-1,-1,-1,-1,0,0,-1,1,0,-1,0,0,0,0,0,1,1,-1,0,0,0,0,0,1,-1,1,0,0,1,-1,1,-1,1,-1,1,1,-1,1,-1,0,-1,1,-1,1,0,0,-1,0,0,-1,1,-1,0,0,-1,0,0,1,1,1,-1,0.0,36,62
-1,-1,-1,-1,-1,-1,-1,0,0,-1,1,0,-1,0,0,0,0,0,1,1,-1,0,0,0,0,0,1,-1,-1,-1,0,1,-1,1,-1,1,-1,-1,1,-1,1,-1,0,-1,1,-1,1,0,0,1,0,0,-1,1,-1,0,0,-1,1,0,1,1,1,-1,0.0,38,62
-1,-1,-1,-1,-1,-1,-1,0,0,-1,-1,-1,-1,0,0,0,0,0,1,-1,-1,0,0,0,0,0,1,-1,-1,-1,0,1,-1,1,-1,1,-1,-1,1,-1,1,-1,0,1,1,-1,1,0,0,1,0,1,1,1,-1,0,0,-1,1,0,1,1,1,-1,0.0,40,62
-1,-1,-1,-1,-1,-1,-1,0,0,-1,-1,-1,-1,0,0,0,0,0,1,-1,-1,0,0,0,0,0,1,-1,-1,-1,0,1,-1,1,-1,1,-1,-1,1,-1,-1,-1,0,1,1,-1,1,0,-1,1,0,1,1,1,1,1,0,-1,1,0,1,1,1,-1,0.0,42,62
-1,-1,-1,-1,-1,-1,-1,0,0,-1,-1,-1,-1,0,0,0,0,0,-1,1,1,1,0,0,0,-1,-1,-1,1,1,0,1,-1,-1,-1,1,-1,1,1,-1,-1,-1,0,1,1,1,1,0,-1,1,0,1,1,1,1,1,0,-1,1,0,1,1,1,-1,0.0,44,62
-1,-1,-1,-1,-1,-1,-1,0,0,-1,-1,-1,-1,0,0,0,1,0,-1,1,1,1,0,0,-1,-1,-1,-1,1,1,0,1,-1,-1,1,1,-1,1,1,-1,-1,-1,0,1,1,1,1,0,-1,1,0,1,1,1,1,1,0,-1,1,0,1,1,1,-1,0.0,46,62
-1,-1,-1,-1,-1,-1,-1,0,0,-1,-1,-1,-1,0,0,0,1,1,1,1,1,1,0,-1,-1,1,1,-1,1,1,0,-1,-1,1,1,1,-1,1,1,-1,-1,1,0,1,1,1,1,0,-1,1,0,1,1,1,1,1,0,-1,1,0,1,1,1,-1,0.0,48,62
-1,-1,-1,-1,-1,-1,-1,0,0,-1,-1,-1,-1,0,0,0,1,1,-1,1,1,1,0,-1,1,1,-1,-1,1,1,0,-1,1,1,-1,1,-1,1,1,-1,1,1,-1,1,1,1,1,0,1,1,0,1,1,1,1,1,1,1,1,0,1,1,1,-1,0.0,50,62
-1,-1,-1,-1,-1,-1,-1,0,0,-1,-1,-1,-1,-1,0,0,1,1,-1,1,-1,1,0,-1,1,1,-1,-1,1,1,0,-1,1,1,-1,1,-1,1,1,-1,1,1,-1,1,1,1,1,0,1,1,0,1,1,1,1,1,1,1,1,0,1,1,1,-1,0.0,52,62
-1,-1,-1,-1,-1,-1,-1,0,0,-1,-1,-1,-1,-1,0,0,1,1,-1,1,-1,1,0,-1,1,1,-1,-1,1,-1,0,-1,1,1,-1,1,-1,1,-1,-1,1,1,-1,-1,-1,-1,-1,-1,1,1,0,1,1,1,1,-1,1,1,1,0,1,1,1,-1,0.0,54,62
-1,-1,-1,-1,-1,-1,-1,0,-1,-1,-1,-1,-1,-1,0,0,1,-1,-1,1,-1,1,0,-1,1,1,-1,-1,1,1,1,-1,1,1,-1,1,-1,1,1,-1,1,1,-1,-1,-1,-1,1,-1,1,1,0,1,1,1,1,-1,1,1,1,0,1,1,1,-1,0.0,56,62
-1,-1,-1,-1,-1,-1,-1,0,-1,-1,-1,-1,-1,-1,0,0,1,-1,-1,1,-1,-1,-1,-1,1,1,-1,-1,1,1,1,-1,1,1,-1,1,1,1,1,-1,1,1,-1,1,-1,-1,1,-1,1,1,1,1,1,1,1,-1,1,1,1,0,1,1,1,-1,0.0,58,62
-1,-1,-1,-1,-1,-1,-1,0,-1,-1,-1,-1,-1,-1,-1,-1,1,-1,-1,1,-1,1,1,-1,1,1,-1,-1,1,1,1,-1,1,1,-1,1,1,1,1,-1,1,1,-1,1,-1,-1,1,-1,1,1,1,1,1,1,1,-1,1,1,1,0,1,1,1,-1,0.0,60,62
-1,-1,-1,-1,-1,-1,-1,1,-1,-1,-1,-1,-1,-1,1,-1,1,-1,-1,1,-1,1,1,-1,1,1,-1,-1,1,1,1,-1,1,1,-1,-1,1,1,1,-1,1,1,-1,-1,-1,-1,1,-1,1,1,1,-1,-1,1,1,-1,1,1,1,-1,-1,-1,-1,-1,0.0,62,62
0,0,0,0,0,0,0,0,0,0,0,0,0,0,0,0,0,0,0,0,0,0,0,0,0,0,0,-1,1,0,0,0,0,0,0,1,-1,0,0,0,0,0,0,0,0,0,0,0,0,0,0,0,0,0,0,0,0,0,0,0,0,0,0,0,0.5,0,60
0,0,0,0,0,0,0,0,0,0,0,0,0,0,0,0,0,0,0,0,0,0,0,0,0,0,0,-1,-1,-1,0,0,0,0,0,1,1,0,0,0,0,0,0,0,1,0,0,0,0,0,0,0,0,0,0,0,0,0,0,0,0,0,0,0,0.5,2,60
0,0,0,0,0,0,0,0,0,0,0,0,0,0,0,0,0,0,1,0,0,0,0,0,0,0,0,1,-1,-1,0,0,0,0,0,1,-1,0,0,0,0,0,0,-1,1,0,0,0,0,0,0,0,0,0,0,0,0,0,0,0,0,0,0,0,0.5,4,60
0,0,0,0,0,0,0,0,0,0,0,0,0,0,0,0,0,0,1,0,1,0,0,0,0,0,-1,-1,-1,-1,0,0,0,0,0,1,1,0,0,0,0,0,0,-1,1,0,0,0,0,0,0,0,0,0,0,0,0,0,0,0,0,0,0,0,0.5,6,60
0,0,0,0,0,0,0,0,0,0,0,-1,0,0,0,0,0,0,1,0,-1,0,0,0,0,0,1,1,-1,-1,0,0,0,0,1,1,1,0,0,0,0,0,0,-1,1,0,0,0,0,0,0,0,0,0,0,0,0,0,0,0,0,0,0,0,0.5,8,60
0,0,0,0,0,0,0,0,0,0,0,-1,0,0,0,0,0,0,1,0,-1,0,0,0,0,0,1,1,-1,-1,0,0,0,0,1,-1,1,0,0,0,0,0,-1,1,1,0,0,0,0,-1,0,0,0,0,0,0,0,0,0,0,0,0,0,0,0.5,10,60
0,0,0,0,0,0,0,0,0,0,0,-1,1,0,0,0,0,0,1,0,1,0,0,0,0,0,1,1,1,-1,0,0,0,0,1,-1,-1,-1,0,0,0,0,-1,1,1,0,0,0,0,-1,0,0,0,0,0,0,0,0,0,0,0,0,0,0,0.5,12,60
0,0,0,0,0,0,0,0,0,0,0,-1,1,0,0,0,0,0,1,0,-1,0,0,0,0,0,1,1,1,-1,1,0,0,0,1,-1,-1,-1,-1,0,0,0,-1,1,1,0,0,0,0,-1,0,0,0,0,0,0,0,0,0,0,0,0,0,0,0.5,14,60
0,0,0,0,0,0,0,0,0,-1,0,-1,1,0,0,0,0,0,-1,0,-1,0,0,0,0,0,1,-1,1,-1,1,0,0,0,1,-1,-1,-1,-1,0,0,0,1,1,1,0,0,0,0,-1,1,0,0,0,0,0,0,0,0,0,0,0,0,0,0.5,16,60
0,0,0,0,0,0,0,0,0,-1,0,-1,1,0,0,0,0,0,-1,0,-1,0,1,0,0,0,1,-1,1,1,1,0,0,-1,-1,-1,1,-1,-1,0,0,0,1,1,1,0,0,0,0,-1,1,0,0,0,0,0,0,0,0,0,0,0,0,0,0.5,18,60
0,0,0,0,0,0,0,0,0,-1,0,-1,1,0,0,0,0,0,-1,0,-1,0,1,0,0,0,1,-1,-1,1,1,0,0,-1,-1,-1,-1,-1,1,0,0,0,1,-1,-1,0,0,1,0,-1,1,0,-1,0,0,0,0,0,0,0,0,0,0,0,0.5,20,60
0,0,0,0,0,0,0,0,0,-1,0,-1,1,0,0,0,0,0,-1,0,-1,0,1,0,1,-1,-1,-1,-1,1,1,0,0,1,-1,-1,-1,-1,1,0,0,0,1,-1,-1,0,0,1,0,-1,1,0,-1,0,0,0,0,0,0,0,0,0,0,0,0.5,22,60
0,0,0,0,0,0,0,0,0,-1,0,-1,1,0,0,0,0,0,-1,0,-1,0,1,0,1,-1,-1,-1,-1,1,1,0,0,1,-1,-1,-1,-1,-1,-1,0,0,1,1,1,1,0,1,0,-1,1,0,-1,0,0,0,0,0,0,0,0,0,0,0,0.5,24,60
1,0,0,0,0,0,0,0,0,1,0,-1,1,0,0,0,0,0,1,0,-1,0,1,0,1,-1,-1,1,-1,1,1,0,-1,-1,-1,-1,1,-1,-1,-1,0,0,1,1,1,1,0,1,0,-1,1,0,-1,0,0,0,0,0,0,0,0,0,0,0,0.5,26,60
1,0,0,0,0,0,0,0,0,1,0,-1,1,0,-1,0,1,0,1,0,-1,0,-1,0,1,1,-1,1,-1,1,-1,0,-1,-1,1,-1,1,-1,-1,-1,0,0,1,1,1,1,0,1,0,-1,1,0,-1,0,0,0,0,0,0,0,0,0,0,0,0.5,28,60
1,0,0,0,0,0,0,0,0,1,-1,-1,1,0,-1,1,1,0,-1,0,-1,0,1,0,1,1,-1,1,-1,1,-1,0,-1,-1,1,-1,1,-1,-1,-1,0,0,1,1,1,1,0,1,0,-1,1,0,-1,0,0,0,0,0,0,0,0,0,0,0,0.5,30,60
1,0,0,0,0,0,0,0,0,1,-1,-1,1,0,-1,1,1,0,-1,0,-1,0,1,0,1,1,-1,1,-1,1,-1,0,-1,-1,1,-1,1,-1,-1,-1,-1,1,1,1,1,1,0,1,0,-1,1,0,-1,0,0,0,0,0,0,0,0,0,0,0,0.5,32,60
1,0,0,0,0,0,0,0,0,1,-1,-1,1,0,-1,1,1,0,-1,0,-1,0,1,1,1,1,-1,1,-1,-1,-1,-1,-1,-1,1,-1,1,1,-1,-1,-1,1,1,1,1,1,0,1,0,-1,1,0,-1,0,0,0,0,0,0,0,0,0,0,0,0.5,34,60
1,0,0,0,1,0,0,0,0,1,-1,1,1,0,-1,1,1,0,1,0,-1,0,1,1,1,1,-1,1,-1,-1,-1,-1,-1,-1,1,-1,1,1,-1,-1,-1,-1,1,1,1,1,0,1,0,-1,-1,0,-1,0,0,0,0,0,0,-1,0,0,0,0,0.5,36,60
1,0,0,0,1,0,0,0,0,1,-1,1,1,0,-1,1,1,-1,1,0,-1,1,1,1,1,-1,-1,1,1,1,-1,-1,-1,-1,1,1,1,1,-1,-1,-1,-1,1,1,1,1,0,1,0,-1,-1,0,-1,0,0,0,0,0,0,-1,0,0,0,0,0.5,38,60
1,-1,0,0,1,0,0,0,1,-1,-1,1,1,0,-1,1,1,-1,1,0,-1,1,1,1,1,-1,1,1,1,1,-1,-1,-1,-1,1,1,1,1,-1,-1,-1,-1,1,1,1,1,0,1,0,-1,-1,0,-1,0,0,0,0,0,0,-1,0,0,0,0,0.5,40,60
1,-1,0,0,1,0,0,1,1,-1,-1,1,1,0,1,1,1,-1,1,0,-1,1,1,1,1,-1,-1,1,1,1,-1,-1,-1,-1,1,-1,1,1,-1,-1,-1,-1,1,1,-1,1,0,1,0,-1,-1,0,-1,-1,0,0,0,0,0,-1,0,0,0,0,0.5,42,60
1,-1,0,0,1,0,0,1,1,-1,-1,-1,-1,-1,1,1,1,-1,1,1,-1,-1,-1,1,1,-1,-1,-1,1,-1,-1,-1,-1,-1,-1,-1,1,-1,-1,-1,-1,-1,1,1,-1,-1,0,1,0,-1,-1,0,-1,-1,0,0,0,0,0,-1,0,0,0,0,0.5,44,60
1,1,1,0,1,0,0,1,1,1,1,1,-1,-1,1,1,1,-1,1,1,1,-1,-1,1,1,-1,-1,-1,1,1,-1,-1,-1,-1,-1,-1,1,-1,1,-1,-1,-1,1,1,-1,-1,0,-1,0,-1,-1,0,-1,-1,0,-1,0,0,0,-1,0,0,0,0,0.5,46,60
1,1,1,0,1,0,0,1,1,1,1,1,-1,-1,1,1,1,-1,1,1,1,-1,-1,1,1,-1,-1,-1,1,1,-1,-1,-1,-1,-1,-1,1,-1,-1,-1,-1,-1,1,1,1,-1,-1,-1,0,-1,-1,0,1,-1,0,-1,0,0,0,-1,1,0,0,0,0.5,48,60
1,1,1,-1,1,0,1,1,1,1,-1,-1,-1,1,1,1,1,-1,1,-1,1,-1,-1,1,1,-1,-1,-1,1,1,-1,-1,-1,-1,-1,-1,1,-1,-1,-1,-1,-1,1,1,1,-1,-1,-1,0,-1,-1,0,1,-1,0,-1,0,0,0,-1,1,0,0,0,0.5,50,60
1,1,1,-1,1,0,1,1,1,1,-1,-1,-1,1,1,1,1,-1,1,-1,1,-1,-1,1,1,-1,-1,-1,1,1,-1,-1,-1,-1,-1,-1,1,-1,-1,-1,-1,-1,-1,-1,-1,-1,-1,-1,0,1,-1,-1,-1,-1,0,-1,1,0,0,-1,1,0,0,0,0.5,52,60
1,1,1,-1,1,0,1,1,1,1,-1,-1,-1,1,1,1,1,-1,1,-1,1,-1,1,1,1,-1,-1,-1,1,1,1,-1,-1,-1,-1,-1,-1,-1,1,-1,-1,-1,-1,-1,-1,-1,1,-1,0,1,1,1,1,1,-1,-1,1,0,0,-1,1,0,0,-1,0.5,54,60
1,1,1,-1,1,0,1,1,1,1,-1,-1,-1,1,1,1,1,-1,1,-1,1,-1,1,1,1,-1,-1,-1,1,1,1,-1,-1,-1,-1,-1,-1,-1,1,-1,-1,-1,-1,-1,-1,-1,1,-1,0,1,1,1,-1,-1,-1,-1,1,0,0,-1,-1,-1,-1,-1,0.5,56,60
1,1,1,-1,1,0,1,1,1,1,-1,-1,-1,1,1,1,1,-1,1,-1,1,-1,1,1,1,-1,-1,1,1,1,1,-1,1,-1,1,-1,-1,-1,1,-1,1,1,-1,-1,-1,-1,1,-1,1,1,-1,-1,-1,-1,-1,-1,1,0,-1,-1,-1,-1,-1,-1,0.5,58,60
1,1,1,-1,1,1,1,1,1,1,-1,-1,1,1,1,1,1,-1,1,1,1,-1,1,1,1,-1,1,1,1,1,1,-1,1,-1,1,-1,-1,-1,1,-1,1,-1,-1,-1,-1,-1,1,-1,1,-1,-1,-1,-1,-1,-1,-1,1,-1,-1,-1,-1,-1,-1,-1,0.5,60,60
0,0,0,0,0,0,0,0,0,0,0,0,0,0,0,0,0,0,0,0,0,0,0,0,0,0,0,-1,1,0,0,0,0,0,0,1,-1,0,0,0,0,0,0,0,0,0,0,0,0,0,0,0,0,0,0,0,0,0,0,0,0,0,0,0,1.0,0,60
0,0,0,0,0,0,0,0,0,0,0,0,0,0,0,0,0,0,0,0,0,0,0,0,0,0,0,-1,1,0,0,0,0,0,0,-1,1,1,0,0,0,0,0,-1,0,0,0,0,0,0,0,0,0,0,0,0,0,0,0,0,0,0,0,0,1.0,2,60
0,0,0,0,0,0,0,0,0,0,0,0,0,0,0,0,0,0,0,0,0,0,0,0,0,0,0,-1,1,0,0,0,0,0,0,-1,-1,-1,-1,0,0,0,0,1,0,0,0,0,0,0,1,0,0,0,0,0,0,0,0,0,0,0,0,0,1.0,4,60
0,0,0,0,0,0,0,0,0,0,0,0,0,0,0,0,0,0,0,0,0,0,0,0,0,0,0,-1,1,0,0,0,0,0,0,-1,-1,-1,-1,0,0,0,1,-1,0,0,0,0,0,0,1,-1,0,0,0,0,0,0,0,0,0,0,0,0,1.0,6,60
0,0,0,0,0,0,0,0,0,0,0,0,0,0,0,0,0,0,0,0,0,0,0,0,0,0,0,-1,1,0,0,0,0,0,0,-1,1,-1,-1,0,0,0,-1,1,1,0,0,0,0,-1,-1,-1,0,0,0,0,0,0,0,0,0,0,0,0,1.0,8,60
0,0,0,0,0,0,0,0,0,0,0,0,0,0,0,0,0,0,0,0,0,0,0,0,0,0,0,-1,1,0,0,0,0,0,0,-1,1,-1,-1,0,0,0,-1,1,-1,0,0,0,0,-1,-1,-1,0,0,0,0,0,0,-1,1,0,0,0,0,1.0,10,60
0,0,0,0,0,0,0,0,0,0,0,0,0,0,0,0,0,0,0,0,0,-1,0,0,0,0,0,-1,-1,0,0,0,0,0,0,-1,1,-1,-1,0,0,0,-1,1,1,0,0,0,0,-1,-1,-1,1,0,0,0,0,0,-1,1,0,0,0,0,1.0,12,60
0,0,0,0,0,0,0,0,0,0,0,0,0,0,0,0,0,0,0,-1,-1,-1,0,0,0,0,0,-1,-1,0,0,0,0,0,0,-1,1,-1,-1,0,0,0,-1,1,1,0,0,0,0,-1,-1,-1,1,0,0,0,0,0,-1,1,0,0,0,0,1.0,14,60
0,0,0,0,0,0,0,0,0,0,0,0,0,0,0,0,0,0,0,-1,-1,-1,0,0,0,0,0,-1,-1,0,0,0,0,-1,0,-1,1,-1,-1,0,0,-1,-1,1,1,0,0,0,0,-1,1,-1,1,0,0,0,0,0,-1,1,0,0,0,0,1.0,16,60
0,0,0,0,0,0,0,0,0,0,0,0,0,0,0,0,0,0,0,-1,-1,-1,0,0,0,0,0,-1,-1,0,0,0,0,-1,1,1,1,-1,-1,0,0,-1,1,1,1,0,0,0,0,-1,1,-1,-1,-1,0,0,0,0,-1,1,0,0,0,0,1.0,18,60
0,0,0,0,0,0,0,0,0,0,0,0,0,0,0,0,0,0,0,-1,-1,-1,0,0,0,0,-1,-1,-1,0,0,0,0,-1,-1,-1,1,-1,-1,0,0,-1,-1,1,-1,0,0,0,0,-1,-1,-1,1,-1,0,0,0,0,-1,1,0,1,0,0,1.0,20,60
0,0,0,0,0,0,0,0,0,0,0,0,0,0,0,0,0,0,1,-1,-1,-1,0,0,0,0,-1,1,-1,0,0,0,0,-1,-1,-1,1,-1,-1,0,0,-1,-1,1,-1,0,0,0,0,-1,-1,-1,-1,-1,0,0,0,0,-1,-1,-1,1,0,0,1.0,22,60
0,0,0,0,0,0,0,0,0,0,-1,0,0,0,0,0,0,0,-1,-1,1,1,1,0,0,0,-1,1,-1,0,0,0,0,-1,-1,-1,1,-1,-1,0,0,-1,-1,1,-1,0,0,0,0,-1,-1,-1,-1,-1,0,0,0,0,-1,-1,-1,1,0,0,1.0,24,60
0,0,0,0,0,0,0,0,0,0,-1,0,-1,0,0,0,0,0,-1,-1,-1,1,1,0,0,0,-1,1,-1,0,0,0,0,-1,-1,-1,1,-1,-1,0,0,-1,-1,1,1,1,0,0,0,-1,-1,-1,-1,1,0,0,0,0,-1,-1,-1,1,0,0,1.0,26,60
0,0,0,0,0,0,0,0,0,0,-1,0,-1,0,0,0,0,0,-1,-1,-1,1,1,0,0,0,-1,1,-1,0,0,0,0,-1,1,-1,1,-1,-1,0,0,1,-1,1,-1,1,0,0,1,1,1,1,1,-1,0,0,0,0,-1,-1,-1,-1,-1,0,1.0,28,60
0,0,0,0,0,0,0,0,0,0,-1,0,-1,1,0,0,0,0,-1,-1,1,1,1,0,0,0,-1,-1,-1,0,0,0,0,-1,1,-1,-1,-1,-1,0,0,1,-1,1,-1,-1,0,0,1,1,1,1,1,-1,-1,0,0,0,-1,-1,-1,-1,-1,0,1.0,30,60
0,0,1,0,0,0,0,0,0,0,1,0,-1,1,0,0,0,-1,-1,-1,1,1,1,0,0,0,-1,-1,-1,0,0,0,0,-1,1,-1,-1,-1,-1,0,0,1,-1,1,-1,-1,0,0,1,1,1,1,1,-1,-1,0,0,0,-1,-1,-1,-1,-1,0,1.0,32,60
0,0,1,0,0,0,0,0,0,0,1,0,-1,1,0,0,0,-1,-1,-1,1,1,1,0,0,0,-1,-1,-1,1,0,0,0,-1,1,-1,1,-1,-1,0,0,-1,-1,1,-1,-1,0,0,1,-1,1,1,1,-1,-1,0,0,-1,-1,-1,-1,-1,-1,0,1.0,34,60
0,0,1,0,0,0,0,0,0,0,1,0,-1,1,0,-1,0,-1,-1,-1,1,1,-1,0,0,0,-1,-1,-1,-1,0,0,0,-1,1,-1,-1,1,1,1,0,-1,-1,-1,-1,-1,0,0,1,-1,-1,1,1,-1,-1,0,0,-1,-1,-1,-1,-1,-1,0,1.0,36,60
0,0,1,0,0,0,0,0,0,0,1,0,-1,1,0,-1,0,1,-1,-1,1,1,-1,0,1,0,-1,-1,-1,-1,0,0,0,1,1,-1,-1,1,-1,1,0,-1,1,-1,-1,-1,0,-1,1,-1,-1,1,1,-1,-1,0,0,-1,-1,-1,-1,-1,-1,0,1.0,38,60
0,0,1,0,0,1,0,0,0,0,1,0,1,1,-1,-1,0,1,-1,1,1,-1,-1,0,1,0,1,-1,-1,-1,0,0,0,1,1,-1,-1,1,-1,1,0,-1,1,-1,-1,-1,0,-1,1,-1,-1,1,1,-1,-1,0,0,-1,-1,-1,-1,-1,-1,0,1.0,40,60
0,0,1,0,0,1,0,0,0,0,1,0,1,1,1,-1,0,1,-1,1,1,1,1,1,1,0,1,-1,-1,-1,0,0,0,1,1,-1,-1,-1,-1,1,0,-1,1,-1,-1,-1,-1,-1,1,-1,-1,1,1,-1,-1,0,0,-1,-1,-1,-1,-1,-1,0,1.0,42,60
0,0,1,0,0,1,0,0,0,0,1,0,1,1,1,-1,0,1,-1,1,1,1,1,1,1,-1,-1,-1,-1,-1,0,0,0,-1,-1,-1,-1,-1,-1,1,1,-1,1,-1,-1,-1,-1,-1,1,-1,-1,1,1,-1,-1,0,0,-1,-1,-1,-1,-1,-1,0,1.0,44,60
0,0,1,0,0,1,0,0,0,-1,1,0,1,1,1,-1,0,-1,-1,1,1,1,1,1,1,-1,-1,-1,-1,-1,0,0,0,-1,-1,-1,-1,-1,-1,1,1,-1,1,-1,-1,-1,-1,-1,1,1,-1,1,1,-1,-1,0,1,-1,-1,-1,-1,-1,-1,0,1.0,46,60
0,0,1,0,0,1,-1,0,1,1,1,0,1,-1,1,-1,0,-1,-1,1,-1,1,1,1,1,-1,-1,-1,-1,-1,0,0,0,-1,-1,-1,-1,-1,-1,1,1,-1,1,-1,-1,-1,-1,-1,1,1,-1,1,1,-1,-1,0,1,-1,-1,-1,-1,-1,-1,0,1.0,48,60
0,0,1,0,1,1,-1,0,1,1,1,-1,-1,-1,-1,-1,0,-1,-1,-1,-1,1,1,1,1,-1,-1,-1,-1,-1,0,0,0,-1,-1,-1,-1,-1,-1,1,1,-1,1,-1,-1,-1,-1,-1,1,1,-1,1,1,-1,-1,0,1,-1,-1,-1,-1,-1,-1,0,1.0,50,60
-1,0,1,0,1,1,-1,0,1,-1,1,-1,-1,-1,-1,-1,0,-1,-1,1,-1,1,1,1,1,-1,-1,-1,1,-1,0,0,0,-1,-1,-1,-1,1,-1,1,1,-1,1,-1,-1,-1,1,1,1,1,-1,1,1,1,1,1,1,-1,-1,-1,-1,-1,-1,0,1.0,52,60
-1,0,1,0,1,1,-1,0,1,1,1,-1,-1,-1,-1,-1,1,1,1,1,-1,1,-1,-1,1,1,-1,-1,1,-1,0,-1,0,-1,1,-1,-1,1,-1,1,1,-1,1,1,-1,-1,1,1,1,1,-1,1,1,1,1,1,1,-1,-1,-1,-1,-1,-1,0,1.0,54,60
-1,0,1,1,1,1,-1,0,1,1,1,1,1,-1,-1,-1,1,1,1,1,-1,1,-1,-1,1,1,-1,-1,1,-1,-1,-1,0,-1,1,-1,-1,-1,-1,1,1,-1,1,1,-1,-1,1,1,1,1,-1,1,1,1,1,1,1,-1,-1,-1,-1,-1,-1,0,1.0,56,60
-1,0,1,1,1,1,-1,0,-1,1,1,1,1,-1,-1,-1,-1,1,1,1,-1,1,-1,-1,-1,1,-1,-1,1,-1,-1,-1,-1,-1,1,-1,-1,-1,-1,1,1,-1,1,1,-1,-1,1,1,1,1,-1,1,1,1,1,1,1,1,1,1,1,1,1,1,1.0,58,60
-1,-1,1,1,1,1,1,1,-1,-1,-1,1,1,-1,1,1,-1,-1,1,-1,-1,1,-1,1,-1,-1,-1,-1,-1,-1,-1,1,-1,-1,1,-1,-1,-1,-1,1,1,-1,1,1,-1,-1,1,1,1,1,-1,1,1,1,1,1,1,1,1,1,1,1,1,1,1.0,60,60
0,0,0,0,0,0,0,0,0,0,0,0,0,0,0,0,0,0,0,0,0,0,0,0,0,0,0,-1,1,0,0,0,0,0,0,1,-1,0,0,0,0,0,0,0,0,0,0,0,0,0,0,0,0,0,0,0,0,0,0,0,0,0,0,0,0.0,0,61
0,0,0,0,0,0,0,0,0,0,0,0,0,0,0,0,0,0,-1,0,0,0,0,0,0,0,1,-1,1,0,0,0,0,0,0,1,-1,0,0,0,0,0,0,0,0,0,0,0,0,0,0,0,0,0,0,0,0,0,0,0,0,0,0,0,0.0,2,61
0,0,0,0,0,0,0,0,0,0,0,0,0,0,0,0,0,0,-1,0,0,0,0,0,0,-1,-1,-1,1,0,0,0,0,0,0,1,1,1,0,0,0,0,0,0,0,0,0,0,0,0,0,0,0,0,0,0,0,0,0,0,0,0,0,0,0.0,4,61
0,0,0,0,0,0,0,0,0,0,0,0,0,0,0,0,0,0,-1,-1,-1,0,0,0,0,-1,-1,1,1,0,0,0,0,0,0,1,1,1,0,0,0,0,0,0,0,0,0,0,0,0,0,0,0,0,0,0,0,0,0,0,0,0,0,0,0.0,6,61
0,0,0,0,-1,0,0,0,0,0,0,-1,0,0,0,0,0,0,-1,1,-1,0,0,0,0,-1,-1,1,1,0,0,0,0,0,0,1,1,1,0,0,0,0,0,0,0,0,0,0,0,0,0,0,0,0,0,0,0,0,0,0,0,0,0,0,0.0,8,61
0,0,0,0,-1,0,0,0,0,-1,0,-1,0,0,0,0,0,-1,1,1,-1,0,0,0,0,-1,1,1,1,0,0,0,0,0,0,1,1,1,0,0,0,0,0,0,0,0,0,0,0,0,0,0,0,0,0,0,0,0,0,0,0,0,0,0,0.0,10,61
0,0,0,0,-1,0,0,0,0,-1,0,-1,0,0,0,0,0,-1,1,1,-1,0,0,0,1,1,1,-1,1,0,0,0,0,0,-1,1,1,1,0,0,0,0,0,0,0,0,0,0,0,0,0,0,0,0,0,0,0,0,0,0,0,0,0,0,0.0,12,61
0,0,0,0,-1,0,0,0,1,-1,-1,-1,0,0,0,0,0,1,-1,1,-1,0,0,0,1,1,-1,-1,1,0,0,0,0,0,-1,1,1,1,0,0,0,0,0,0,0,0,0,0,0,0,0,0,0,0,0,0,0,0,0,0,0,0,0,0,0.0,14,61
0,0,0,1,-1,0,0,0,1,-1,1,1,0,0,0,0,-1,-1,-1,1,-1,0,0,0,1,-1,-1,-1,1,0,0,0,0,0,-1,1,1,1,0,0,0,0,0,0,0,0,0,0,0,0,0,0,0,0,0,0,0,0,0,0,0,0,0,0,0.0,16,61
-1,0,0,1,-1,0,0,0,-1,-1,1,1,0,0,0,0,-1,-1,1,1,-1,0,0,0,1,-1,1,-1,1,0,0,0,0,0,1,1,1,1,0,0,0,0,1,0,0,0,0,0,0,0,0,0,0,0,0,0,0,0,0,0,0,0,0,0,0.0,18,61
-1,0,0,1,-1,0,0,0,-1,-1,-1,-1,-1,-1,0,0,-1,-1,1,1,-1,0,0,0,1,-1,1,-1,1,0,0,0,0,0,1,1,1,1,0,0,0,0,1,0,0,0,0,0,0,0,0,0,0,0,0,0,0,0,0,0,0,0,0,0,0.0,20,61
-1,0,0,1,-1,0,0,0,-1,-1,-1,-1,1,-1,0,0,-1,-1,-1,-1,-1,-1,-1,0,1,-1,1,-1,1,0,0,0,0,0,1,1,1,1,0,0,0,0,1,0,0,0,0,0,0,0,0,0,0,0,0,0,0,0,0,0,0,0,0,0,0.0,22,61
-1,0,-1,-1,-1,0,0,0,-1,-1,-1,-1,1,-1,0,0,-1,-1,-1,-1,-1,1,-1,0,1,-1,1,-1,1,0,1,0,0,0,1,1,1,1,0,0,0,0,1,0,0,0,0,0,0,0,0,0,0,0,0,0,0,0,0,0,0,0,0,0,0.0,24,61
-1,0,-1,-1,-1,1,0,0,-1,-1,-1,-1,-1,1,0,0,-1,-1,-1,-1,-1,-1,-1,0,1,-1,1,-1,1,0,-1,0,0,0,1,1,1,1,0,-1,0,0,1,0,0,0,0,0,0,0,0,0,0,0,0,0,0,0,0,0,0,0,0,0,0.0,26,61
-1,0,-1,-1,-1,1,0,0,-1,-1,-1,-1,-1,1,1,0,-1,-1,-1,-1,-1,1,-1,0,1,-1,-1,-1,-1,0,-1,0,0,0,1,-1,-1,-1,0,-1,0,0,1,0,-1,0,0,0,0,0,0,0,0,0,0,0,0,0,0,0,0,0,0,0,0.0,28,61
-1,1,1,1,1,1,0,0,-1,-1,-1,-1,-1,-1,-1,-1,-1,-1,-1,-1,-1,1,-1,0,1,-1,-1,-1,-1,0,-1,0,0,0,1,-1,-1,-1,0,-1,0,0,1,0,-1,0,0,0,0,0,0,0,0,0,0,0,0,0,0,0,0,0,0,0,0.0,30,61
-1,1,1,1,1,1,0,0,-1,-1,-1,-1,1,-1,-1,-1,-1,-1,-1,-1,1,1,-1,0,1,-1,-1,-1,1,0,-1,0,0,0,1,-1,-1,-1,0,-1,0,0,1,0,1,-1,0,0,0,0,0,0,1,0,0,0,0,0,0,0,0,0,0,0,0.0,32,61
-1,1,1,1,1,1,0,0,-1,-1,-1,-1,1,-1,-1,-1,-1,-1,-1,-1,1,1,-1,0,1,-1,-1,-1,1,0,-1,0,0,0,-1,-1,-1,1,0,-1,0,-1,1,0,1,1,1,0,0,0,0,0,1,0,0,0,0,0,0,0,0,0,0,0,0.0,34,61
-1,1,1,1,1,1,0,0,-1,-1,-1,-1,1,1,-1,-1,-1,-1,-1,-1,1,1,1,0,1,-1,-1,-1,1,0,-1,1,0,0,-1,-1,-1,-1,-1,-1,0,-1,1,0,1,1,1,0,0,0,0,0,1,0,0,0,0,0,0,0,0,0,0,0,0.0,36,61
-1,1,1,1,1,1,0,0,-1,-1,-1,-1,1,1,-1,-1,-1,-1,-1,-1,1,1,1,0,1,-1,-1,1,1,0,-1,1,0,0,1,-1,-1,-1,-1,-1,0,1,1,0,-1,1,1,0,1,0,0,0,-1,0,0,0,0,0,0,0,-1,0,0,0,0.0,38,61
-1,-1,-1,-1,-1,-1,-1,0,-1,-1,-1,-1,1,1,-1,-1,-1,-1,-1,-1,1,1,1,0,1,-1,-1,1,1,0,-1,1,0,0,1,-1,-1,-1,-1,-1,0,1,1,0,-1,1,1,0,1,0,0,0,1,0,0,0,0,0,0,1,-1,0,0,0,0.0,40,61
-1,-1,-1,-1,-1,-1,-1,0,-1,-1,-1,-1,1,1,-1,-1,-1,-1,-1,-1,-1,-1,-1,-1,1,-1,-1,1,1,0,-1,1,0,0,1,-1,-1,-1,-1,1,0,1,1,0,-1,1,1,1,1,0,0,0,1,0,0,0,0,0,0,1,-1,0,0,0,0.0,42,61
-1,-1,-1,-1,-1,-1,-1,0,-1,-1,-1,-1,1,1,-1,-1,-1,-1,-1,-1,-1,-1,-1,-1,1,-1,-1,-1,1,0,-1,1,0,0,1,-1,-1,-1,-1,1,0,1,1,-1,-1,1,1,1,1,0,0,-1,1,0,0,0,0,0,0,1,-1,0,0,0,0.0,44,61
-1,-1,-1,-1,-1,-1,-1,0,-1,-1,-1,-1,1,1,-1,-1,-1,-1,-1,-1,-1,-1,-1,-1,1,-1,-1,-1,1,0,-1,1,0,0,1,-1,-1,-1,-1,1,0,1,-1,-1,-1,1,1,1,1,-1,1,1,1,0,0,0,0,0,0,1,-1,0,0,0,0.0,46,61
-1,-1,-1,-1,-1,-1,-1,0,-1,-1,-1,-1,1,1,-1,-1,-1,-1,-1,-1,-1,-1,-1,-1,1,-1,-1,-1,1,0,-1,1,0,0,1,1,-1,-1,-1,1,-1,-1,-1,-1,-1,1,1,1,1,1,1,1,1,0,0,0,1,0,0,1,-1,0,0,0,0.0,48,61
-1,-1,-1,-1,-1,-1,-1,0,-1,-1,-1,-1,1,-1,-1,-1,-1,-1,-1,-1,-1,-1,-1,-1,1,-1,-1,-1,1,-1,1,1,0,0,1,1,1,-1,1,1,-1,-1,-1,1,-1,-1,1,1,1,1,1,1,1,-1,0,0,1,0,0,1,-1,0,0,0,0.0,50,61
-1,-1,-1,-1,-1,-1,-1,0,-1,-1,-1,-1,1,-1,-1,-1,-1,-1,-1,-1,-1,-1,-1,-1,1,-1,-1,-1,1,-1,-1,1,0,0,1,1,1,-1,-1,1,-1,-1,-1,1,1,-1,-1,1,1,1,1,1,1,1,-1,0,1,0,0,1,-1,0,1,0,0.0,52,61
-1,-1,-1,-1,-1,-1,-1,0,-1,-1,-1,-1,1,-1,-1,-1,-1,-1,-1,1,-1,-1,-1,-1,1,-1,-1,-1,1,-1,-1,1,0,1,-1,1,1,-1,-1,1,-1,1,-1,1,-1,-1,-1,1,1,-1,-1,-1,1,1,-1,0,1,0,-1,-1,-1,0,1,0,0.0,54,61
-1,-1,-1,-1,-1,-1,-1,0,-1,-1,-1,-1,1,-1,-1,-1,-1,-1,-1,1,-1,-1,-1,-1,1,-1,-1,-1,1,-1,-1,-1,0,1,-1,1,1,-1,-1,-1,-1,1,-1,1,-1,1,-1,-1,1,-1,-1,-1,-1,-1,-1,-1,1,0,-1,-1,-1,0,1,1,0.0,56,61
-1,-1,-1,-1,-1,-1,-1,1,-1,-1,-1,-1,1,-1,1,1,-1,-1,-1,1,-1,1,-1,1,-1,-1,-1,-1,1,-1,-1,1,-1,-1,-1,1,1,-1,-1,1,-1,-1,-1,1,-1,1,-1,1,1,-1,-1,-1,-1,-1,-1,1,1,0,-1,-1,-1,0,1,1,0.0,58,61
-1,-1,-1,-1,-1,-1,-1,1,-1,-1,-1,-1,1,-1,1,1,-1,-1,-1,1,-1,1,-1,1,-1,-1,-1,-1,1,-1,-1,1,-1,-1,-1,1,1,-1,-1,1,-1,-1,-1,1,-1,1,-1,1,1,-1,1,-1,-1,-1,-1,1,1,1,-1,-1,-1,0,1,1,0.0,60,61
0,0,0,0,0,0,0,0,0,0,0,0,0,0,0,0,0,0,0,0,0,0,0,0,0,0,0,-1,1,0,0,0,0,0,0,1,-1,0,0,0,0,0,0,0,0,0,0,0,0,0,0,0,0,0,0,0,0,0,0,0,0,0,0,0,1.0,0,60
0,0,0,0,0,0,0,0,0,0,0,0,0,0,0,0,0,0,0,0,0,0,0,0,0,0,0,-1,-1,-1,0,0,0,0,0,1,1,0,0,0,0,0,0,0,1,0,0,0,0,0,0,0,0,0,0,0,0,0,0,0,0,0,0,0,1.0,2,60
0,0,0,0,0,0,0,0,0,0,0,0,0,0,0,0,0,0,0,1,0,0,0,0,0,0,0,1,-1,-1,0,0,0,0,0,1,-1,0,0,0,0,0,0,-1,1,0,0,0,0,0,0,0,0,0,0,0,0,0,0,0,0,0,0,0,1.0,4,60
0,0,0,0,0,0,0,0,0,0,0,-1,0,0,0,0,0,0,0,-1,-1,0,0,0,0,0,0,-1,1,-1,0,0,0,0,0,-1,1,0,0,0,0,0,0,-1,1,0,0,0,0,0,0,0,0,0,0,0,0,0,0,0,0,0,0,0,1.0,6,60
0,0,0,0,0,0,0,0,0,0,0,-1,0,0,0,0,0,0,0,-1,-1,0,0,0,0,0,0,-1,1,-1,0,0,0,0,0,1,-1,0,0,0,0,0,1,-1,1,0,0,0,0,0,-1,0,0,0,0,0,0,0,0,0,0,0,0,0,1.0,8,60
0,0,0,0,0,0,0,0,0,0,0,-1,0,0,0,0,0,0,0,-1,-1,0,0,0,0,0,0,-1,-1,1,1,0,0,0,0,1,-1,-1,0,0,0,0,1,-1,1,0,0,0,0,0,-1,0,0,0,0,0,0,0,0,0,0,0,0,0,1.0,10,60
0,0,0,0,0,0,0,0,0,0,0,-1,0,0,0,0,0,0,0,-1,-1,0,0,0,0,0,0,-1,-1,-1,-1,-1,0,0,0,1,1,-1,0,0,0,0,1,1,1,0,0,0,0,0,1,0,0,0,0,0,0,1,0,0,0,0,0,0,1.0,12,60
0,0,0,0,0,0,0,0,0,0,0,-1,0,0,0,0,0,0,0,-1,-1,0,0,0,0,0,0,-1,-1,-1,-1,-1,0,0,0,1,1,1,-1,0,0,0,1,1,1,0,0,-1,0,0,1,0,0,0,0,0,0,1,0,0,0,0,0,0,1.0,14,60
0,0,0,1,0,0,0,0,0,0,0,1,0,0,0,0,0,0,0,1,-1,0,0,0,0,0,0,1,-1,-1,-1,-1,0,0,0,1,-1,1,-1,0,0,0,1,1,-1,0,0,-1,0,0,1,0,-1,0,0,0,0,1,0,0,0,0,0,0,1.0,16,60
0,0,0,1,0,0,0,0,0,0,0,1,0,0,0,0,0,0,0,1,-1,0,0,1,0,0,0,1,-1,-1,1,-1,0,0,0,1,-1,-1,-1,0,0,0,1,1,-1,-1,0,-1,0,0,1,0,-1,0,0,0,0,1,0,0,0,0,0,0,1.0,18,60
0,0,0,1,0,0,0,0,0,0,-1,1,0,1,0,0,0,0,0,-1,1,0,0,1,0,0,0,1,-1,-1,1,-1,0,0,0,1,-1,-1,-1,0,0,0,1,1,-1,-1,0,-1,0,0,1,0,-1,0,0,0,0,1,0,0,0,0,0,0,1.0,20,60
0,0,0,1,0,0,0,0,0,0,-1,1,0,1,0,-1,0,0,0,-1,1,0,0,-1,0,0,0,1,-1,-1,1,-1,0,0,0,1,-1,-1,-1,0,0,0,1,1,1,-1,0,-1,0,0,1,0,-1,1,0,0,0,1,0,0,0,0,0,0,1.0,22,60
0,0,0,1,0,0,0,0,0,0,-1,1,0,1,0,-1,0,0,0,-1,1,0,0,-1,0,0,0,1,-1,-1,1,-1,0,0,0,-1,-1,-1,1,0,0,0,-1,1,1,1,1,-1,0,-1,1,0,-1,1,0,0,0,1,0,0,0,0,0,0,1.0,24,60
0,0,0,1,0,0,0,0,0,0,-1,1,0,1,0,-1,0,0,0,-1,1,0,0,-1,0,0,0,1,-1,-1,1,-1,0,0,0,-1,-1,-1,1,0,0,0,-1,-1,-1,1,1,-1,1,1,1,-1,-1,1,0,0,0,1,0,0,0,0,0,0,1.0,26,60
0,1,0,1,0,0,0,0,0,0,1,1,0,1,0,-1,0,0,0,1,1,0,0,-1,0,0,-1,-1,-1,-1,1,-1,0,0,0,-1,-1,1,1,0,0,0,-1,-1,-1,1,1,-1,1,1,1,-1,-1,1,0,0,0,1,0,0,0,0,0,0,1.0,28,60
0,1,0,1,0,0,0,0,0,0,1,1,0,1,0,-1,0,1,0,1,1,0,0,-1,0,0,1,-1,-1,-1,1,-1,0,0,-1,-1,-1,1,1,0,0,0,-1,-1,1,1,1,-1,1,1,1,-1,-1,1,0,0,0,1,0,0,0,0,0,0,1.0,30,60
0,1,0,1,0,0,0,0,0,0,1,1,0,1,0,-1,0,1,0,1,1,0,0,-1,0,0,1,1,-1,-1,1,-1,0,0,1,-1,-1,1,1,0,0,1,1,1,1,-1,1,-1,1,1,1,-1,-1,-1,-1,0,0,1,0,0,0,0,0,0,1.0,32,60
0,1,0,1,0,0,0,0,0,0,1,1,-1,1,0,-1,0,1,0,1,-1,1,0,-1,0,0,1,1,-1,1,1,-1,0,0,1,1,-1,1,1,0,0,1,1,1,1,-1,1,-1,1,1,1,-1,-1,-1,-1,0,0,1,0,0,0,0,0,0,1.0,34,60
0,1,0,1,0,0,0,0,0,0,1,1,-1,1,0,-1,0,1,0,1,-1,-1,0,-1,0,0,1,1,-1,1,-1,-1,0,0,1,1,-1,-1,-1,-1,0,1,1,1,1,1,1,-1,1,1,1,-1,1,1,-1,0,0,1,0,0,0,1,0,0,1.0,36,60
0,1,0,1,0,0,0,0,0,0,1,1,-1,1,0,-1,0,1,0,1,-1,-1,0,-1,0,0,1,1,-1,1,-1,-1,0,0,1,1,-1,-1,-1,-1,-1,-1,-1,-1,-1,-1,-1,-1,1,1,1,1,1,1,-1,0,0,1,1,0,0,1,0,0,1.0,38,60
0,1,0,1,0,0,0,0,0,0,1,1,-1,-1,-1,-1,0,1,0,1,1,-1,-1,-1,0,0,1,1,-1,1,-1,-1,0,0,1,1,-1,-1,-1,-1,-1,-1,-1,-1,-1,-1,-1,-1,1,1,1,1,1,1,-1,0,0,1,1,0,0,1,0,0,1.0,40,60
0,1,0,1,0,0,0,0,0,0,1,1,-1,-1,-1,-1,0,1,0,1,1,-1,-1,-1,0,-1,-1,-1,-1,-1,-1,-1,0,0,-1,1,-1,1,-1,-1,-1,-1,-1,-1,-1,-1,1,-1,1,1,1,1,1,1,1,1,0,1,1,0,0,1,0,0,1.0,42,60
0,1,0,1,0,0,0,0,-1,0,1,1,-1,-1,-1,-1,0,-1,0,1,1,-1,-1,-1,0,-1,-1,-1,-1,-1,-1,-1,1,0,-1,1,-1,1,-1,-1,1,1,-1,-1,-1,-1,1,-1,1,1,1,1,1,1,1,1,0,1,1,0,0,1,0,0,1.0,44,60
0,1,0,1,0,0,0,0,-1,0,1,1,-1,-1,-1,-1,0,1,-1,-1,-1,-1,-1,-1,1,-1,-1,-1,-1,-1,-1,-1,1,0,-1,1,-1,1,-1,-1,1,1,-1,-1,-1,-1,1,-1,1,1,1,1,1,1,1,1,0,1,1,0,0,1,0,0,1.0,46,60
0,1,-1,1,0,0,0,1,-1,0,-1,-1,-1,-1,1,1,0,1,-1,-1,-1,1,-1,1,1,-1,-1,-1,1,-1,-1,1,1,0,-1,1,-1,1,-1,1,1,1,-1,-1,-1,-1,1,1,1,1,1,1,1,1,1,1,0,1,1,0,0,1,0,0,1.0,48,60
0,1,-1,1,0,0,0,1,-1,0,-1,-1,-1,-1,1,1,0,1,-1,-1,-1,1,-1,1,1,1,-1,-1,1,-1,-1,1,1,1,1,1,-1,1,-1,1,1,1,1,-1,-1,-1,1,1,1,1,1,1,1,1,-1,1,0,1,1,0,0,1,0,-1,1.0,50,60
0,1,-1,-1,-1,-1,0,1,-1,0,-1,1,-1,-1,1,1,0,1,1,-1,1,-1,1,1,1,1,-1,-1,1,-1,-1,1,1,1,1,1,-1,1,-1,1,1,1,1,-1,-1,-1,1,1,1,1,1,1,1,1,-1,1,0,1,1,0,0,1,0,-1,1.0,52,60
0,1,1,1,1,1,1,1,-1,0,-1,1,-1,1,1,1,0,1,1,-1,1,-1,1,1,1,1,-1,-1,1,-1,-1,1,1,1,1,1,-1,1,-1,1,1,1,1,-1,-1,-1,1,1,1,1,1,1,1,-1,-1,1,0,1,1,0,0,1,-1,-1,1.0,54,60
-1,1,1,1,1,1,1,1,-1,-1,1,1,-1,1,1,1,0,1,-1,-1,1,-1,1,1,1,1,-1,-1,1,-1,-1,1,1,1,1,1,-1,1,-1,1,1,1,1,-1,-1,-1,1,1,1,1,1,1,1,-1,-1,1,0,1,1,0,0,1,-1,-1,1.0,56,60
-1,1,1,1,1,1,1,1,-1,-1,1,1,-1,1,1,1,0,1,-1,-1,1,-1,1,1,1,1,-1,-1,-1,-1,-1,1,1,1,1,-1,-1,1,-1,1,1,1,-1,-1,-1,-1,1,1,1,-1,1,1,1,1,-1,1,-1,1,1,0,1,1,-1,-1,1.0,58,60
-1,1,1,1,1,1,1,1,-1,1,1,1,-1,1,1,1,1,1,-1,-1,1,-1,1,1,1,1,-1,-1,-1,-1,-1,1,1,1,1,-1,-1,1,-1,1,1,1,-1,-1,-1,-1,1,1,1,-1,1,-1,-1,1,-1,1,-1,-1,-1,-1,-1,-1,-1,-1,1.0,60,60
0,0,0,0,0,0,0,0,0,0,0,0,0,0,0,0,0,0,0,0,0,0,0,0,0,0,0,-1,1,0,0,0,0,0,0,1,-1,0,0,0,0,0,0,0,0,0,0,0,0,0,0,0,0,0,0,0,0,0,0,0,0,0,0,0,1.0,0,62
0,0,0,0,0,0,0,0,0,0,0,0,0,0,0,0,0,0,0,0,0,0,0,0,0,0,1,1,1,0,0,0,0,0,-1,-1,-1,0,0,0,0,0,0,0,0,0,0,0,0,0,0,0,0,0,0,0,0,0,0,0,0,0,0,0,1.0,2,62
0,0,0,0,0,0,0,0,0,0,0,0,0,0,0,0,0,0,0,0,-1,0,0,0,0,0,1,-1,1,0,0,0,0,0,-1,1,1,0,0,0,0,0,0,0,1,0,0,0,0,0,0,0,0,0,0,0,0,0,0,0,0,0,0,0,1.0,4,62
0,0,0,0,0,0,0,0,0,0,0,0,0,0,0,0,0,0,-1,-1,-1,0,0,0,0,0,-1,1,1,0,0,0,0,0,-1,1,1,0,0,0,0,0,0,0,1,0,0,0,0,0,0,0,0,0,0,0,0,0,0,0,0,0,0,0,1.0,6,62
0,0,0,0,0,0,0,0,0,0,0,0,0,0,0,0,0,0,-1,-1,-1,0,0,0,0,0,-1,1,1,0,0,0,0,1,-1,1,1,0,0,0,0,0,-1,0,1,0,0,0,0,0,0,0,0,0,0,0,0,0,0,0,0,0,0,0,1.0,8,62
0,0,0,0,0,0,0,0,0,0,0,0,0,0,0,0,0,0,-1,-1,-1,0,0,0,0,0,-1,1,1,0,0,0,0,-1,-1,1,1,0,0,0,-1,0,1,0,1,0,0,0,0,1,0,0,0,0,0,0,0,0,0,0,0,0,0,0,1.0,10,62
0,0,0,0,0,0,0,0,0,1,0,0,0,0,0,0,0,0,1,-1,-1,0,0,0,0,0,-1,1,1,0,0,0,0,-1,-1,1,1,0,0,0,-1,0,-1,0,1,0,0,0,0,1,-1,0,0,0,0,0,0,0,0,0,0,0,0,0,1.0,12,62
0,0,0,0,0,0,0,0,0,1,0,0,1,0,0,0,0,-1,-1,-1,1,0,0,0,0,0,-1,1,1,0,0,0,0,-1,-1,1,1,0,0,0,-1,0,-1,0,1,0,0,0,0,1,-1,0,0,0,0,0,0,0,0,0,0,0,0,0,1.0,14,62
-1,0,0,0,0,0,0,0,0,-1,0,1,1,0,0,0,0,-1,-1,1,1,0,0,0,0,0,-1,1,1,0,0,0,0,-1,-1,1,1,0,0,0,-1,0,-1,0,1,0,0,0,0,1,-1,0,0,0,0,0,0,0,0,0,0,0,0,0,1.0,16,62
-1,0,0,0,-1,0,0,0,0,-1,0,-1,1,0,0,0,0,-1,-1,1,1,0,0,0,0,0,-1,1,1,0,0,0,0,-1,-1,1,1,0,0,0,-1,0,-1,0,1,0,0,0,0,1,1,1,0,0,0,0,0,0,0,0,0,0,0,0,1.0,18,62
-1,0,0,0,-1,0,0,0,1,-1,0,-1,1,0,0,0,0,1,-1,-1,-1,-1,0,0,0,0,1,1,-1,0,0,0,0,-1,-1,-1,1,0,0,0,-1,0,-1,0,1,0,0,0,0,1,1,1,0,0,0,0,0,0,0,0,0,0,0,0,1.0,20,62
-1,0,0,0,-1,-1,0,0,1,-1,0,-1,-1,0,0,0,0,1,-1,-1,-1,-1,0,0,0,0,1,1,1,1,0,0,0,-1,-1,-1,1,0,0,0,-1,0,-1,0,1,0,0,0,0,1,1,1,0,0,0,0,0,0,0,0,0,0,0,0,1.0,22,62
-1,0,0,0,-1,-1,0,0,1,-1,0,-1,-1,0,-1,0,0,1,-1,-1,-1,1,0,-1,0,0,1,1,1,1,0,0,0,-1,-1,-1,1,0,0,0,-1,0,-1,0,1,0,0,0,0,1,1,1,0,0,0,0,0,0,0,0,0,0,0,0,1.0,24,62
-1,0,0,1,-1,-1,0,0,1,-1,0,1,1,0,-1,0,0,1,-1,1,-1,1,0,-1,0,0,1,1,1,1,0,0,0,-1,-1,-1,1,0,0,0,-1,0,-1,0,1,0,0,0,0,1,1,-1,0,0,0,0,0,0,0,0,-1,0,0,0,1.0,26,62
-1,0,0,1,-1,-1,0,0,1,-1,0,1,1,1,-1,0,0,1,-1,1,1,1,0,-1,0,0,1,1,1,1,0,0,0,-1,-1,-1,1,0,0,0,-1,0,-1,0,1,0,0,0,0,-1,-1,-1,0,0,0,0,0,0,-1,0,-1,0,0,0,1.0,28,62
-1,0,-1,-1,-1,-1,0,0,1,-1,0,1,1,1,1,1,0,1,-1,1,1,1,0,-1,0,0,1,1,1,1,0,0,0,-1,-1,-1,1,0,0,0,-1,0,-1,0,1,0,0,0,0,-1,-1,-1,0,0,0,0,0,0,-1,0,-1,0,0,0,1.0,30,62
-1,0,-1,-1,-1,-1,0,0,1,1,1,-1,1,1,1,1,0,1,1,1,-1,1,0,-1,0,0,1,1,1,-1,0,0,0,-1,-1,-1,1,0,-1,0,-1,0,-1,0,1,0,0,0,0,-1,-1,-1,0,0,0,0,0,0,-1,0,-1,0,0,0,1.0,32,62
-1,0,-1,-1,-1,-1,0,0,1,1,1,-1,1,1,1,1,0,1,-1,1,-1,1,0,1,0,-1,-1,-1,-1,-1,0,1,0,-1,-1,-1,1,0,-1,0,-1,0,-1,0,1,0,0,0,0,-1,-1,-1,0,0,0,0,0,0,-1,0,-1,0,0,0,1.0,34,62
-1,0,-1,-1,-1,-1,0,0,1,1,1,-1,1,-1,1,1,0,1,-1,1,-1,-1,-1,1,0,-1,-1,1,-1,-1,0,1,0,-1,-1,1,1,0,-1,0,-1,0,-1,1,1,0,0,0,0,-1,-1,-1,0,0,0,0,0,0,-1,0,-1,0,0,0,1.0,36,62
-1,0,-1,-1,-1,-1,0,0,1,1,1,-1,1,-1,1,1,0,1,-1,1,-1,-1,-1,1,0,-1,-1,-1,-1,-1,0,1,1,-1,-1,1,1,0,-1,0,-1,-1,-1,1,1,0,0,0,0,-1,-1,-1,0,0,0,0,0,0,-1,0,-1,0,0,0,1.0,38,62
-1,0,-1,-1,-1,-1,0,0,1,1,1,-1,1,-1,1,1,0,1,-1,1,-1,-1,-1,1,0,-1,-1,-1,1,-1,0,1,1,-1,-1,1,-1,-1,-1,0,-1,-1,-1,-1,-1,-1,0,0,0,-1,-1,-1,0,0,0,0,0,0,-1,0,-1,0,0,0,1.0,40,62
-1,0,-1,-1,-1,-1,0,0,1,1,-1,-1,1,-1,1,1,0,-1,-1,1,-1,-1,-1,1,-1,-1,-1,-1,1,-1,0,1,-1,-1,-1,1,1,1,1,1,-1,-1,-1,-1,-1,-1,0,0,0,-1,-1,-1,0,0,0,0,0,0,-1,0,-1,0,0,0,1.0,42,62
-1,0,-1,-1,-1,-1,0,-1,1,1,-1,-1,1,-1,-1,1,0,-1,-1,1,-1,-1,1,1,-1,-1,-1,-1,-1,1,1,1,-1,-1,-1,-1,1,1,1,1,-1,-1,-1,-1,-1,-1,0,0,0,-1,-1,-1,0,0,0,0,0,0,-1,0,-1,0,0,0,1.0,44,62
-1,0,-1,-1,-1,-1,0,-1,1,1,-1,-1,1,-1,-1,1,0,1,-1,1,-1,-1,1,1,-1,-1,1,-1,-1,-1,1,1,-1,-1,-1,1,1,-1,1,1,-1,-1,-1,-1,1,-1,0,0,0,-1,-1,-1,0,-1,0,0,0,0,-1,0,-1,-1,0,0,1.0,46,62
-1,0,-1,-1,-1,-1,0,-1,1,1,-1,-1,1,-1,-1,1,0,1,-1,-1,-1,-1,1,1,-1,-1,1,-1,-1,-1,1,1,-1,-1,-1,1,1,-1,1,1,-1,-1,-1,-1,1,1,-1,0,0,-1,-1,-1,0,-1,0,-1,0,0,-1,0,-1,-1,0,0,1.0,48,62
-1,0,-1,-1,-1,-1,0,-1,1,1,-1,-1,1,-1,-1,1,0,1,-1,-1,-1,-1,1,1,-1,-1,1,-1,-1,-1,1,1,-1,-1,-1,1,-1,-1,1,1,-1,-1,-1,1,1,-1,-1,0,0,-1,-1,1,0,-1,-1,-1,0,0,-1,1,-1,-1,0,0,1.0,50,62
-1,0,-1,-1,-1,-1,0,-1,1,1,-1,-1,1,-1,-1,1,0,1,-1,-1,-1,-1,1,1,-1,-1,1,-1,-1,-1,1,1,-1,-1,-1,1,-1,-1,1,1,-1,-1,1,1,1,-1,-1,0,0,-1,-1,1,0,-1,-1,-1,1,-1,-1,1,-1,-1,0,0,1.0,52,62
-1,0,-1,-1,-1,-1,0,-1,-1,-1,-1,-1,1,-1,-1,1,-1,-1,-1,-1,-1,-1,1,1,-1,-1,1,-1,-1,-1,1,1,-1,-1,-1,1,-1,-1,1,1,-1,-1,1,1,1,1,1,1,0,-1,-1,1,0,-1,-1,-1,1,-1,-1,1,-1,-1,0,0,1.0,54,62
-1,0,-1,-1,-1,-1,0,-1,-1,-1,-1,-1,1,-1,-1,1,-1,-1,-1,-1,-1,-1,1,1,-1,-1,1,-1,-1,-1,1,1,-1,-1,-1,1,-1,-1,1,1,-1,-1,1,-1,-1,1,1,1,1,1,1,1,-1,-1,-1,-1,1,-1,-1,1,-1,-1,0,0,1.0,56,62
-1,0,-1,-1,-1,-1,1,-1,-1,-1,-1,-1,1,1,1,1,-1,-1,-1,-1,1,-1,1,1,-1,-1,1,1,-1,-1,1,1,-1,-1,1,1,-1,-1,1,1,-1,1,1,-1,-1,1,1,1,1,1,1,1,-1,-1,-1,-1,1,-1,-1,1,-1,-1,0,0,1.0,58,62
-1,1,1,1,1,1,1,-1,-1,1,1,-1,1,1,1,1,-1,1,-1,1,1,-1,1,1,-1,1,1,1,1,-1,1,1,-1,1,1,1,-1,1,1,1,-1,1,1,-1,-1,1,1,1,1,1,1,1,-1,-1,-1,-1,1,-1,-1,1,-1,-1,0,0,1.0,60,62
-1,1,1,1,1,1,1,-1,-1,1,1,-1,1,1,1,1,-1,1,-1,1,1,-1,1,1,-1,1,1,1,1,-1,1,1,-1,1,1,1,-1,1,1,1,-1,1,1,-1,1,-1,1,1,1,1,1,1,-1,1,-1,-1,1,-1,-1,-1,-1,-1,-1,-1,1.0,62,62
0,0,0,0,0,0,0,0,0,0,0,0,0,0,0,0,0,0,0,0,0,0,0,0,0,0,0,-1,1,0,0,0,0,0,0,1,-1,0,0,0,0,0,0,0,0,0,0,0,0,0,0,0,0,0,0,0,0,0,0,0,0,0,0,0,1.0,0,60
0,0,0,0,0,0,0,0,0,0,0,0,0,0,0,0,0,0,0,0,0,0,0,0,0,0,0,-1,-1,-1,0,0,0,0,0,1,1,0,0,0,0,0,0,0,1,0,0,0,0,0,0,0,0,0,0,0,0,0,0,0,0,0,0,0,1.0,2,60
0,0,0,0,0,0,0,0,0,0,0,0,0,-1,0,0,0,0,0,0,0,-1,0,0,0,0,0,-1,1,-1,0,0,0,0,0,1,1,0,0,0,0,0,0,0,1,0,0,0,0,0,0,0,0,0,0,0,0,0,0,0,0,0,0,0,1.0,4,60
0,0,0,0,0,0,0,0,0,0,0,0,0,-1,0,0,0,0,1,0,0,-1,0,0,0,0,0,1,-1,-1,0,0,0,0,0,-1,1,0,0,0,0,0,-1,0,1,0,0,0,0,0,0,0,0,0,0,0,0,0,0,0,0,0,0,0,1.0,6,60
0,0,0,0,0,0,0,0,0,0,0,0,0,-1,0,0,0,0,1,0,0,-1,0,0,0,0,1,1,-1,-1,0,0,0,0,0,1,-1,0,0,0,0,0,-1,-1,1,0,0,0,0,0,0,0,0,0,0,0,0,0,0,0,0,0,0,0,1.0,8,60
0,0,0,0,0,0,0,0,0,-1,0,0,0,-1,0,0,0,0,-1,0,0,-1,0,0,0,0,1,-1,1,1,1,0,0,0,0,1,-1,0,0,0,0,0,-1,-1,1,0,0,0,0,0,0,0,0,0,0,0,0,0,0,0,0,0,0,0,1.0,10,60
0,0,0,0,0,0,0,0,0,-1,0,0,0,-1,0,0,0,0,-1,1,0,-1,0,0,0,0,-1,1,1,1,1,0,0,0,-1,-1,-1,0,0,0,0,0,-1,-1,1,0,0,0,0,0,0,0,0,0,0,0,0,0,0,0,0,0,0,0,1.0,12,60
0,0,0,0,0,0,0,0,0,-1,0,0,0,-1,0,0,0,0,-1,1,0,-1,0,0,0,0,-1,1,1,1,-1,0,0,0,1,-1,-1,0,0,-1,0,1,1,1,1,0,0,0,0,0,0,0,0,0,0,0,0,0,0,0,0,0,0,0,1.0,14,60
0,0,0,0,0,0,0,0,0,-1,0,0,0,-1,1,0,0,0,-1,1,0,1,0,0,0,0,-1,1,1,1,-1,0,0,0,1,-1,-1,0,0,-1,0,1,-1,1,1,0,0,0,0,-1,0,0,0,0,0,0,0,0,0,0,0,0,0,0,1.0,16,60
0,0,0,0,0,0,0,0,0,-1,0,0,0,-1,1,0,0,0,-1,1,0,-1,0,0,0,0,-1,1,1,-1,-1,0,0,0,1,1,-1,-1,0,-1,0,1,1,1,1,0,0,0,0,1,0,0,0,0,0,0,1,0,0,0,0,0,0,0,1.0,18,60
0,0,0,0,0,0,0,0,0,-1,0,0,0,-1,-1,-1,0,0,-1,1,0,-1,0,0,0,0,-1,1,1,-1,-1,0,0,0,1,1,1,-1,0,-1,0,1,1,1,1,1,0,0,0,1,0,0,0,0,0,0,1,0,0,0,0,0,0,0,1.0,20,60
0,0,0,0,0,0,0,0,0,-1,0,0,0,-1,-1,-1,0,0,-1,1,0,-1,0,0,0,0,-1,1,1,-1,-1,0,0,0,1,-1,1,-1,0,-1,0,1,1,1,-1,-1,-1,0,0,1,0,0,0,-1,0,0,1,0,0,0,0,0,0,0,1.0,22,60
0,0,0,0,0,0,0,0,0,-1,0,-1,0,-1,-1,-1,0,0,-1,-1,0,-1,0,0,0,0,1,-1,1,-1,-1,0,0,1,1,-1,1,-1,0,-1,0,1,1,1,-1,-1,-1,0,0,1,0,0,0,-1,0,0,1,0,0,0,0,0,0,0,1.0,24,60
0,0,0,0,0,0,0,0,0,-1,0,-1,0,-1,-1,-1,0,0,-1,-1,0,-1,0,0,0,0,1,-1,1,-1,-1,0,-1,-1,-1,-1,1,1,0,-1,0,1,1,1,-1,-1,1,0,0,1,0,0,0,-1,0,1,1,0,0,0,0,0,0,0,1.0,26,60
0,0,0,0,0,0,0,0,0,-1,0,-1,0,-1,-1,-1,0,0,-1,-1,-1,-1,0,0,0,0,1,-1,-1,-1,-1,0,-1,-1,-1,-1,-1,1,0,-1,0,1,1,1,-1,-1,1,0,0,1,0,0,0,1,0,1,1,0,0,0,1,0,0,0,1.0,28,60
0,0,0,0,0,0,0,0,0,-1,0,-1,0,-1,-1,-1,0,0,-1,-1,-1,-1,0,0,0,0,1,-1,-1,-1,-1,0,-1,1,-1,-1,-1,1,0,-1,1,1,1,-1,-1,-1,1,0,0,1,0,0,-1,1,0,1,1,0,0,0,1,0,0,0,1.0,30,60
0,0,0,0,0,0,0,1,0,-1,0,-1,-1,-1,1,-1,0,0,-1,-1,-1,-1,0,0,0,0,1,-1,1,-1,-1,0,-1,1,-1,1,-1,1,0,-1,1,1,1,-1,-1,-1,1,0,0,1,0,0,-1,1,0,1,1,0,0,0,1,0,0,0,1.0,32,60
0,0,0,0,0,1,-1,1,0,-1,0,-1,1,-1,1,-1,0,0,-1,1,-1,1,0,0,0,0,1,-1,1,1,-1,0,-1,1,-1,1,-1,1,0,-1,1,1,1,-1,-1,-1,1,0,0,1,0,0,-1,1,0,1,1,0,0,0,1,0,0,0,1.0,34,60
0,0,0,1,0,1,-1,1,0,-1,0,1,1,-1,1,-1,0,0,-1,1,-1,1,0,0,0,0,1,-1,1,1,-1,0,-1,1,-1,1,-1,1,0,-1,1,1,1,-1,-1,-1,1,0,0,1,0,0,-1,-1,0,1,1,0,0,0,1,0,-1,0,1.0,36,60
0,0,0,1,0,1,-1,1,0,-1,0,1,1,-1,1,-1,0,0,-1,1,-1,1,0,0,0,0,1,-1,1,1,-1,0,-1,1,-1,1,-1,1,0,-1,1,-1,-1,-1,1,-1,1,0,0,1,-1,-1,-1,-1,0,1,1,0,0,0,1,0,-1,0,1.0,38,60
0,0,0,1,0,1,-1,1,0,-1,0,1,1,-1,1,-1,0,0,-1,1,-1,1,0,0,0,-1,-1,-1,1,1,-1,0,-1,-1,-1,1,-1,1,0,-1,1,-1,1,-1,1,-1,1,0,0,1,1,1,-1,-1,0,1,1,0,1,0,1,0,-1,0,1.0,40,60
0,0,0,1,0,1,-1,1,0,-1,0,1,1,-1,1,-1,0,0,-1,1,-1,1,0,-1,0,-1,-1,-1,1,1,1,-1,-1,-1,-1,1,-1,1,0,-1,1,-1,1,-1,1,-1,1,0,0,1,1,1,-1,-1,0,1,1,0,1,0,1,0,-1,0,1.0,42,60
0,0,0,1,0,1,-1,1,0,-1,0,1,1,-1,1,-1,0,0,-1,1,-1,1,0,-1,1,1,1,1,1,1,1,-1,1,1,-1,1,-1,1,0,-1,1,-1,1,-1,1,-1,1,0,0,1,-1,-1,-1,-1,0,1,1,0,1,-1,1,0,-1,0,1.0,44,60
0,0,0,1,-1,-1,-1,1,0,-1,0,-1,-1,-1,1,-1,0,0,-1,1,-1,1,0,-1,1,1,1,1,1,1,1,-1,1,1,1,1,-1,1,0,-1,1,1,1,-1,1,-1,1,0,1,1,-1,-1,-1,-1,0,1,1,0,1,-1,1,0,-1,0,1.0,46,60
0,0,0,1,-1,-1,-1,1,0,-1,0,-1,-1,-1,1,-1,0,0,-1,1,-1,1,0,-1,1,1,1,1,1,1,1,-1,1,1,1,1,-1,1,0,-1,1,1,1,1,1,1,1,0,1,1,-1,-1,1,1,0,1,1,-1,-1,-1,1,1,-1,0,1.0,48,60
0,0,0,1,-1,-1,-1,1,0,-1,1,1,1,1,1,-1,0,0,1,1,-1,1,0,-1,1,1,1,1,1,-1,1,-1,1,1,1,1,-1,-1,-1,-1,1,1,1,1,1,-1,1,0,1,1,-1,-1,-1,1,0,1,1,-1,-1,-1,1,1,-1,0,1.0,50,60
0,0,0,1,-1,-1,-1,1,0,-1,1,1,1,1,1,-1,-1,0,1,1,-1,1,0,-1,1,-1,1,1,1,-1,1,-1,1,1,-1,1,1,-1,-1,-1,1,1,1,-1,1,1,1,0,1,1,-1,-1,-1,1,1,1,1,-1,-1,-1,1,1,-1,0,1.0,52,60
0,-1,0,1,-1,-1,-1,1,0,-1,-1,1,1,1,1,-1,-1,1,1,-1,-1,1,0,-1,1,1,1,1,-1,-1,1,-1,1,1,-1,1,1,-1,-1,-1,1,1,1,-1,1,1,1,0,1,1,-1,-1,-1,1,1,1,1,-1,-1,-1,1,1,-1,0,1.0,54,60
0,-1,0,1,-1,-1,-1,1,1,1,1,1,1,-1,-1,-1,1,1,1,-1,-1,-1,-1,-1,1,1,1,1,-1,-1,-1,-1,1,1,-1,1,1,-1,-1,-1,1,1,1,-1,1,1,1,0,1,1,-1,-1,-1,1,1,1,1,-1,-1,-1,1,1,-1,0,1.0,56,60
0,-1,-1,-1,-1,-1,-1,1,1,1,-1,1,1,-1,-1,1,1,1,-1,-1,1,-1,-1,1,1,1,-1,1,-1,1,-1,1,1,1,-1,1,1,-1,1,1,1,1,1,-1,1,1,1,1,1,1,-1,-1,-1,1,1,1,1,-1,-1,-1,1,1,-1,0,1.0,58,60
-1,-1,-1,-1,-1,-1,-1,1,1,-1,-1,1,1,-1,-1,1,1,1,-1,-1,1,-1,-1,1,1,1,-1,1,-1,1,-1,1,1,1,-1,1,1,-1,1,1,1,1,1,-1,1,1,1,1,1,1,-1,-1,-1,1,1,1,1,-1,-1,-1,1,1,1,1,1.0,60,60
0,0,0,0,0,0,0,0,0,0,0,0,0,0,0,0,0,0,0,0,0,0,0,0,0,0,0,-1,1,0,0,0,0,0,0,1,-1,0,0,0,0,0,0,0,0,0,0,0,0,0,0,0,0,0,0,0,0,0,0,0,0,0,0,0,0.0,0,60
0,0,0,0,0,0,0,0,0,0,0,0,0,0,0,0,0,0,0,0,-1,0,0,0,0,0,1,1,-1,0,0,0,0,0,0,1,-1,0,0,0,0,0,0,0,0,0,0,0,0,0,0,0,0,0,0,0,0,0,0,0,0,0,0,0,0.0,2,60
0,0,0,0,0,0,0,0,0,0,0,0,0,1,0,0,0,0,0,0,1,0,0,0,0,-1,-1,-1,-1,0,0,0,0,0,0,1,-1,0,0,0,0,0,0,0,0,0,0,0,0,0,0,0,0,0,0,0,0,0,0,0,0,0,0,0,0.0,4,60
0,0,0,0,0,0,0,0,0,0,0,0,0,1,0,0,0,0,0,0,1,0,0,0,0,-1,-1,1,-1,0,0,0,0,0,-1,-1,-1,0,0,0,0,0,-1,0,0,0,0,0,0,0,0,0,0,0,0,0,0,0,0,0,0,0,0,0,0.0,6,60
0,0,0,0,0,0,0,0,0,0,0,0,0,1,0,0,0,0,0,0,1,0,0,0,0,-1,-1,1,1,0,0,0,0,0,-1,-1,1,0,0,0,0,0,-1,0,-1,0,0,0,0,0,0,0,0,-1,0,0,0,0,0,0,0,0,0,0,0.0,8,60
0,0,0,0,0,0,-1,0,0,0,0,0,0,-1,0,0,0,0,0,0,-1,0,0,0,1,1,1,-1,1,0,0,0,0,0,-1,-1,1,0,0,0,0,0,-1,0,-1,0,0,0,0,0,0,0,0,-1,0,0,0,0,0,0,0,0,0,0,0.0,10,60
0,0,0,0,0,0,-1,0,0,0,0,0,0,-1,0,0,0,0,-1,0,-1,0,0,0,1,1,-1,-1,1,0,0,0,0,0,-1,-1,1,0,0,0,0,0,-1,1,-1,0,0,0,0,0,0,0,0,-1,0,0,0,0,0,0,0,0,0,0,0.0,12,60
0,0,0,0,0,0,-1,0,0,0,0,0,0,-1,0,0,0,0,-1,0,-1,0,0,0,1,1,-1,-1,-1,-1,0,0,0,0,-1,-1,1,0,0,0,0,0,-1,1,1,0,0,0,0,0,0,0,1,-1,0,0,0,0,0,0,0,0,0,0,0.0,14,60
0,0,0,0,0,0,-1,0,0,0,0,0,0,-1,0,0,0,0,-1,1,-1,0,0,0,1,1,-1,1,-1,-1,0,0,0,0,-1,-1,-1,-1,0,0,0,0,-1,1,1,0,0,0,0,0,0,0,1,-1,0,0,0,0,0,0,0,0,0,0,0.0,16,60
0,0,0,0,0,0,-1,0,0,0,0,0,0,-1,0,0,0,0,-1,1,-1,0,0,0,1,1,-1,1,1,-1,1,0,0,0,-1,-1,-1,-1,-1,0,0,0,-1,1,1,0,0,0,0,0,0,0,1,-1,0,0,0,0,0,0,0,0,0,0,0.0,18,60
0,0,0,0,0,0,-1,0,0,0,0,0,0,-1,0,0,0,0,-1,1,-1,0,0,0,1,1,-1,1,1,-1,1,0,0,0,-1,-1,-1,-1,-1,0,0,0,-1,-1,-1,-1,0,0,0,0,0,0,1,1,1,0,0,0,0,0,0,0,0,0,0.0,20,60
0,0,0,0,0,0,-1,0,0,0,0,0,0,-1,0,0,0,0,-1,1,1,1,0,0,1,1,-1,1,1,1,1,0,0,0,-1,-1,-1,1,-1,0,0,0,-1,-1,-1,-1,-1,0,0,0,0,0,1,1,1,0,0,0,0,0,0,0,0,0,0.0,22,60
0,0,0,0,0,0,-1,0,0,0,0,0,0,-1,0,0,0,1,1,1,1,1,0,0,1,1,1,1,1,1,1,0,0,0,-1,1,-1,1,-1,0,0,0,-1,-1,-1,-1,-1,0,0,0,0,0,-1,-1,1,0,0,0,0,0,-1,0,0,0,0.0,24,60
0,0,0,0,0,0,-1,0,0,0,0,0,0,-1,0,0,0,1,1,1,1,1,0,0,1,1,1,1,1,1,1,0,0,0,-1,1,-1,1,-1,0,0,0,-1,-1,1,-1,-1,0,0,0,0,0,-1,-1,1,0,0,0,0,0,-1,-1,1,0,0.0,26,60
0,0,0,0,0,0,-1,0,0,0,0,-1,0,-1,0,0,0,1,1,1,-1,1,0,0,1,1,1,1,1,-1,1,0,0,0,1,1,-1,1,-1,0,0,1,1,1,1,-1,-1,0,0,0,0,0,-1,-1,1,0,0,0,0,0,-1,-1,1,0,0.0,28,60
0,0,0,0,1,0,-1,0,0,0,0,1,0,-1,0,0,0,1,1,1,-1,1,0,0,1,1,1,1,1,-1,-1,-1,0,0,1,1,-1,1,-1,0,0,1,1,1,1,-1,-1,0,0,0,0,0,-1,-1,1,0,0,0,0,0,-1,-1,1,0,0.0,30,60
0,0,-1,0,1,0,-1,0,0,0,0,-1,0,-1,0,0,0,1,1,1,-1,1,0,0,1,1,1,1,1,-1,1,-1,0,0,1,1,-1,1,1,1,0,1,1,1,1,-1,-1,0,0,0,0,0,-1,-1,1,0,0,0,0,0,-1,-1,1,0,0.0,32,60
0,0,-1,0,1,0,-1,0,0,0,0,-1,1,-1,0,0,0,1,1,1,1,1,0,0,1,1,1,1,1,-1,1,-1,0,0,1,1,-1,1,1,1,0,1,1,1,1,-1,-1,0,0,0,0,0,-1,-1,-1,-1,0,0,0,0,-1,-1,1,0,0.0,34,60
0,0,-1,0,1,0,-1,0,0,0,0,-1,1,-1,0,0,0,1,1,1,1,1,0,0,1,1,1,1,1,-1,1,-1,0,0,1,1,-1,1,-1,-1,0,1,1,1,1,1,-1,-1,0,0,0,0,1,-1,-1,-1,0,0,0,1,1,1,1,0,0.0,36,60
0,0,-1,0,1,0,-1,0,-1,0,0,-1,1,1,1,0,0,-1,1,1,1,1,0,0,1,1,-1,1,1,-1,1,-1,0,0,1,-1,-1,1,-1,-1,0,1,1,1,-1,1,-1,-1,0,0,0,0,1,-1,-1,-1,0,0,0,1,1,1,1,0,0.0,38,60
0,0,-1,0,1,0,-1,0,-1,0,0,-1,1,1,1,0,1,1,1,1,1,1,0,0,1,1,-1,1,1,-1,1,-1,0,0,1,-1,-1,1,-1,-1,-1,-1,-1,-1,-1,1,-1,-1,0,0,0,0,1,-1,-1,-1,0,0,0,1,1,1,1,0,0.0,40,60
0,0,-1,0,1,0,-1,0,-1,-1,0,-1,1,1,1,0,1,1,-1,1,1,1,0,0,1,1,-1,-1,1,-1,1,-1,0,0,1,-1,-1,1,-1,-1,-1,-1,1,-1,-1,1,-1,-1,0,0,1,0,1,-1,-1,-1,0,0,0,1,1,1,1,0,0.0,42,60
0,0,-1,0,1,0,-1,0,-1,-1,0,-1,1,1,1,0,1,1,-1,1,1,1,0,0,1,1,-1,-1,1,-1,1,-1,0,0,1,-1,-1,1,-1,-1,-1,1,-1,-1,-1,1,-1,-1,1,-1,1,0,1,-1,-1,-1,0,0,0,1,1,1,1,0,0.0,44,60
0,-1,-1,0,1,0,-1,0,-1,-1,-1,1,1,1,1,0,1,1,1,-1,1,1,0,0,1,1,1,-1,-1,-1,1,-1,0,0,1,-1,-1,-1,-1,-1,-1,1,-1,-1,-1,1,-1,-1,1,-1,1,0,1,-1,-1,-1,0,0,0,1,1,1,1,0,0.0,46,60
0,-1,-1,0,1,0,-1,0,-1,-1,-1,1,1,1,1,0,-1,1,1,-1,1,1,0,0,-1,1,1,-1,-1,-1,1,-1,-1,0,1,-1,-1,-1,-1,-1,-1,1,-1,-1,-1,1,-1,-1,-1,-1,1,0,1,-1,-1,-1,-1,0,0,1,1,1,1,0,0.0,48,60
1,-1,-1,0,1,0,-1,-1,-1,1,-1,1,1,1,-1,0,-1,1,1,-1,1,-1,0,0,-1,1,1,-1,-1,-1,1,-1,-1,0,1,-1,-1,-1,-1,-1,-1,1,-1,-1,-1,1,-1,-1,-1,-1,1,0,1,-1,-1,-1,-1,0,0,1,1,1,1,0,0.0,50,60
1,-1,-1,-1,1,0,-1,-1,-1,1,-1,-1,-1,1,-1,0,-1,1,1,-1,1,-1,0,0,-1,1,1,-1,-1,-1,1,-1,-1,0,1,-1,-1,-1,-1,-1,-1,1,-1,-1,-1,1,-1,-1,-1,-1,1,0,1,-1,1,-1,-1,0,0,1,1,1,1,1,0.0,52,60
1,-1,-1,-1,1,0,-1,-1,-1,1,-1,-1,-1,1,-1,0,-1,1,1,-1,1,-1,0,1,-1,1,1,-1,-1,-1,1,1,-1,0,1,-1,-1,-1,-1,1,-1,1,-1,-1,-1,1,-1,1,-1,-1,-1,0,1,-1,1,1,-1,0,-1,1,1,1,1,1,0.0,54,60
1,-1,-1,-1,1,0,-1,-1,-1,-1,-1,-1,-1,1,-1,0,-1,-1,1,-1,1,-1,0,1,-1,-1,-1,-1,-1,-1,1,1,-1,-1,-1,-1,-1,-1,-1,1,-1,1,-1,-1,-1,1,-1,1,-1,1,-1,0,1,-1,1,1,-1,1,1,1,1,1,1,1,0.0,56,60
1,-1,-1,-1,-1,-1,-1,-1,-1,-1,-1,-1,-1,-1,-1,0,-1,-1,1,-1,1,-1,1,1,-1,-1,-1,-1,-1,-1,1,1,-1,-1,-1,-1,1,-1,-1,1,-1,1,-1,1,-1,1,-1,1,-1,1,1,0,1,-1,1,1,-1,1,1,1,1,1,1,1,0.0,58,60
1,-1,-1,-1,-1,-1,-1,-1,-1,-1,-1,-1,-1,-1,-1,-1,-1,-1,1,-1,1,-1,-1,1,-1,-1,-1,-1,-1,-1,1,1,-1,-1,-1,-1,1,1,-1,1,-1,1,-1,1,1,1,-1,1,-1,1,1,1,1,-1,1,1,-1,1,1,1,1,1,1,1,0.0,60,60
